#Tmax,,,,,,,,,,,,,,,,,,,,,,,,,,,
,eco1,eco2,eco3,eco4,eco5,eco6,eco7,eco8,eco9,eco1,eco2,eco3,eco4,eco5,eco6,eco7,eco8,eco9,eco1,eco2,eco3,eco4,eco5,eco6,eco7,eco8,eco9
TIMESTEP,TMAX_C,TMAX_C,TMAX_C,TMAX_C,TMAX_C,TMAX_C,TMAX_C,TMAX_C,TMAX_C,VAR,VAR,VAR,VAR,VAR,VAR,VAR,VAR,VAR,STDEV,STDEV,STDEV,STDEV,STDEV,STDEV,STDEV,STDEV,STDEV
2000-01-01T00:00:00Z,16.81,16.81,16.81,16.81,16.81,16.81,16.81,16.81,16.81,0,0,0,0,0,0,0,0,0,0,0,0,0,0,0,0,0,0
2000-02-01T00:00:00Z,21.57,21.57,21.57,21.57,21.57,21.57,21.57,21.57,21.57,0,0,0,0,0,0,0,0,0,0,0,0,0,0,0,0,0,0
2000-03-01T00:00:00Z,24.63,24.63,24.63,24.63,24.63,24.63,24.63,24.63,24.63,0,0,0,0,0,0,0,0,0,0,0,0,0,0,0,0,0,0
2000-04-01T00:00:00Z,25.36,25.36,25.36,25.36,25.36,25.36,25.36,25.36,25.36,0,0,0,0,0,0,0,0,0,0,0,0,0,0,0,0,0,0
2000-05-01T00:00:00Z,32.54,32.54,32.54,32.54,32.54,32.54,32.54,32.54,32.54,0,0,0,0,0,0,0,0,0,0,0,0,0,0,0,0,0,0
2000-06-01T00:00:00Z,34.16,34.16,34.16,34.16,34.16,34.16,34.16,34.16,34.16,0,0,0,0,0,0,0,0,0,0,0,0,0,0,0,0,0,0
2000-07-01T00:00:00Z,34.87,34.87,34.87,34.87,34.87,34.87,34.87,34.87,34.87,0,0,0,0,0,0,0,0,0,0,0,0,0,0,0,0,0,0
2000-08-01T00:00:00Z,34.01,34.01,34.01,34.01,34.01,34.01,34.01,34.01,34.01,0,0,0,0,0,0,0,0,0,0,0,0,0,0,0,0,0,0
2000-09-01T00:00:00Z,29.69,29.69,29.69,29.69,29.69,29.69,29.69,29.69,29.69,0,0,0,0,0,0,0,0,0,0,0,0,0,0,0,0,0,0
2000-10-01T00:00:00Z,27.3,27.3,27.3,27.3,27.3,27.3,27.3,27.3,27.3,0,0,0,0,0,0,0,0,0,0,0,0,0,0,0,0,0,0
2000-11-01T00:00:00Z,20.64,20.64,20.64,20.64,20.64,20.64,20.64,20.64,20.64,0,0,0,0,0,0,0,0,0,0,0,0,0,0,0,0,0,0
2000-12-01T00:00:00Z,13.85,13.85,13.85,13.85,13.85,13.85,13.85,13.85,13.85,0,0,0,0,0,0,0,0,0,0,0,0,0,0,0,0,0,0
2001-01-01T00:00:00Z,15.69,15.69,15.69,15.69,15.69,15.69,15.69,15.69,15.69,0,0,0,0,0,0,0,0,0,0,0,0,0,0,0,0,0,0
2001-02-01T00:00:00Z,21.31,21.31,21.31,21.31,21.31,21.31,21.31,21.31,21.31,0,0,0,0,0,0,0,0,0,0,0,0,0,0,0,0,0,0
2001-03-01T00:00:00Z,19.86,19.86,19.86,19.86,19.86,19.86,19.86,19.86,19.86,0,0,0,0,0,0,0,0,0,0,0,0,0,0,0,0,0,0
2001-04-01T00:00:00Z,26.86,26.86,26.86,26.86,26.86,26.86,26.86,26.86,26.86,0,0,0,0,0,0,0,0,0,0,0,0,0,0,0,0,0,0
2001-05-01T00:00:00Z,30.18,30.18,30.18,30.18,30.18,30.18,30.18,30.18,30.18,0,0,0,0,0,0,0,0,0,0,0,0,0,0,0,0,0,0
2001-06-01T00:00:00Z,31.53,31.53,31.53,31.53,31.53,31.53,31.53,31.53,31.53,0,0,0,0,0,0,0,0,0,0,0,0,0,0,0,0,0,0
2001-07-01T00:00:00Z,33.62,33.62,33.62,33.62,33.62,33.62,33.62,33.62,33.62,0,0,0,0,0,0,0,0,0,0,0,0,0,0,0,0,0,0
2001-08-01T00:00:00Z,33.2,33.2,33.2,33.2,33.2,33.2,33.2,33.2,33.2,0,0,0,0,0,0,0,0,0,0,0,0,0,0,0,0,0,0
2001-09-01T00:00:00Z,29.85,29.85,29.85,29.85,29.85,29.85,29.85,29.85,29.85,0,0,0,0,0,0,0,0,0,0,0,0,0,0,0,0,0,0
2001-10-01T00:00:00Z,26.28,26.28,26.28,26.28,26.28,26.28,26.28,26.28,26.28,0,0,0,0,0,0,0,0,0,0,0,0,0,0,0,0,0,0
2001-11-01T00:00:00Z,25.32,25.32,25.32,25.32,25.32,25.32,25.32,25.32,25.32,0,0,0,0,0,0,0,0,0,0,0,0,0,0,0,0,0,0
2001-12-01T00:00:00Z,19.9,19.9,19.9,19.9,19.9,19.9,19.9,19.9,19.9,0,0,0,0,0,0,0,0,0,0,0,0,0,0,0,0,0,0
2002-01-01T00:00:00Z,17.77,17.77,17.77,17.77,17.77,17.77,17.77,17.77,17.77,0,0,0,0,0,0,0,0,0,0,0,0,0,0,0,0,0,0
2002-02-01T00:00:00Z,17.91,17.91,17.91,17.91,17.91,17.91,17.91,17.91,17.91,0,0,0,0,0,0,0,0,0,0,0,0,0,0,0,0,0,0
2002-03-01T00:00:00Z,24.03,24.03,24.03,24.03,24.03,24.03,24.03,24.03,24.03,0,0,0,0,0,0,0,0,0,0,0,0,0,0,0,0,0,0
2002-04-01T00:00:00Z,28.39,28.39,28.39,28.39,28.39,28.39,28.39,28.39,28.39,0,0,0,0,0,0,0,0,0,0,0,0,0,0,0,0,0,0
2002-05-01T00:00:00Z,30.67,30.67,30.67,30.67,30.67,30.67,30.67,30.67,30.67,0,0,0,0,0,0,0,0,0,0,0,0,0,0,0,0,0,0
2002-06-01T00:00:00Z,32.54,32.54,32.54,32.54,32.54,32.54,32.54,32.54,32.54,0,0,0,0,0,0,0,0,0,0,0,0,0,0,0,0,0,0
2002-07-01T00:00:00Z,33.64,33.64,33.64,33.64,33.64,33.64,33.64,33.64,33.64,0,0,0,0,0,0,0,0,0,0,0,0,0,0,0,0,0,0
2002-08-01T00:00:00Z,32.72,32.72,32.72,32.72,32.72,32.72,32.72,32.72,32.72,0,0,0,0,0,0,0,0,0,0,0,0,0,0,0,0,0,0
2002-09-01T00:00:00Z,31.6,31.6,31.6,31.6,31.6,31.6,31.6,31.6,31.6,0,0,0,0,0,0,0,0,0,0,0,0,0,0,0,0,0,0
2002-10-01T00:00:00Z,27.47,27.47,27.47,27.47,27.47,27.47,27.47,27.47,27.47,0,0,0,0,0,0,0,0,0,0,0,0,0,0,0,0,0,0
2002-11-01T00:00:00Z,20.06,20.06,20.06,20.06,20.06,20.06,20.06,20.06,20.06,0,0,0,0,0,0,0,0,0,0,0,0,0,0,0,0,0,0
2002-12-01T00:00:00Z,16.71,16.71,16.71,16.71,16.71,16.71,16.71,16.71,16.71,0,0,0,0,0,0,0,0,0,0,0,0,0,0,0,0,0,0
2003-01-01T00:00:00Z,14.8,14.8,14.8,14.8,14.8,14.8,14.8,14.8,14.8,0,0,0,0,0,0,0,0,0,0,0,0,0,0,0,0,0,0
2003-02-01T00:00:00Z,18.46,18.46,18.46,18.46,18.46,18.46,18.46,18.46,18.46,0,0,0,0,0,0,0,0,0,0,0,0,0,0,0,0,0,0
2003-03-01T00:00:00Z,22.78,22.78,22.78,22.78,22.78,22.78,22.78,22.78,22.78,0,0,0,0,0,0,0,0,0,0,0,0,0,0,0,0,0,0
2003-04-01T00:00:00Z,26,26,26,26,26,26,26,26,26,0,0,0,0,0,0,0,0,0,0,0,0,0,0,0,0,0,0
2003-05-01T00:00:00Z,30.12,30.12,30.12,30.12,30.12,30.12,30.12,30.12,30.12,0,0,0,0,0,0,0,0,0,0,0,0,0,0,0,0,0,0
2003-06-01T00:00:00Z,31.48,31.48,31.48,31.48,31.48,31.48,31.48,31.48,31.48,0,0,0,0,0,0,0,0,0,0,0,0,0,0,0,0,0,0
2003-07-01T00:00:00Z,31.47,31.47,31.47,31.47,31.47,31.47,31.47,31.47,31.47,0,0,0,0,0,0,0,0,0,0,0,0,0,0,0,0,0,0
2003-08-01T00:00:00Z,31.97,31.97,31.97,31.97,31.97,31.97,31.97,31.97,31.97,0,0,0,0,0,0,0,0,0,0,0,0,0,0,0,0,0,0
2003-09-01T00:00:00Z,29.87,29.87,29.87,29.87,29.87,29.87,29.87,29.87,29.87,0,0,0,0,0,0,0,0,0,0,0,0,0,0,0,0,0,0
2003-10-01T00:00:00Z,26.22,26.22,26.22,26.22,26.22,26.22,26.22,26.22,26.22,0,0,0,0,0,0,0,0,0,0,0,0,0,0,0,0,0,0
2003-11-01T00:00:00Z,23.77,23.77,23.77,23.77,23.77,23.77,23.77,23.77,23.77,0,0,0,0,0,0,0,0,0,0,0,0,0,0,0,0,0,0
2003-12-01T00:00:00Z,16.46,16.46,16.46,16.46,16.46,16.46,16.46,16.46,16.46,0,0,0,0,0,0,0,0,0,0,0,0,0,0,0,0,0,0
2004-01-01T00:00:00Z,16.61,16.61,16.61,16.61,16.61,16.61,16.61,16.61,16.61,0,0,0,0,0,0,0,0,0,0,0,0,0,0,0,0,0,0
2004-02-01T00:00:00Z,15.25,15.25,15.25,15.25,15.25,15.25,15.25,15.25,15.25,0,0,0,0,0,0,0,0,0,0,0,0,0,0,0,0,0,0
2004-03-01T00:00:00Z,24.24,24.24,24.24,24.24,24.24,24.24,24.24,24.24,24.24,0,0,0,0,0,0,0,0,0,0,0,0,0,0,0,0,0,0
2004-04-01T00:00:00Z,25.85,25.85,25.85,25.85,25.85,25.85,25.85,25.85,25.85,0,0,0,0,0,0,0,0,0,0,0,0,0,0,0,0,0,0
2004-05-01T00:00:00Z,30.77,30.77,30.77,30.77,30.77,30.77,30.77,30.77,30.77,0,0,0,0,0,0,0,0,0,0,0,0,0,0,0,0,0,0
2004-06-01T00:00:00Z,31.72,31.72,31.72,31.72,31.72,31.72,31.72,31.72,31.72,0,0,0,0,0,0,0,0,0,0,0,0,0,0,0,0,0,0
2004-07-01T00:00:00Z,33.04,33.04,33.04,33.04,33.04,33.04,33.04,33.04,33.04,0,0,0,0,0,0,0,0,0,0,0,0,0,0,0,0,0,0
2004-08-01T00:00:00Z,32.12,32.12,32.12,32.12,32.12,32.12,32.12,32.12,32.12,0,0,0,0,0,0,0,0,0,0,0,0,0,0,0,0,0,0
2004-09-01T00:00:00Z,29.15,29.15,29.15,29.15,29.15,29.15,29.15,29.15,29.15,0,0,0,0,0,0,0,0,0,0,0,0,0,0,0,0,0,0
2004-10-01T00:00:00Z,27.31,27.31,27.31,27.31,27.31,27.31,27.31,27.31,27.31,0,0,0,0,0,0,0,0,0,0,0,0,0,0,0,0,0,0
2004-11-01T00:00:00Z,22.29,22.29,22.29,22.29,22.29,22.29,22.29,22.29,22.29,0,0,0,0,0,0,0,0,0,0,0,0,0,0,0,0,0,0
2004-12-01T00:00:00Z,16.27,16.27,16.27,16.27,16.27,16.27,16.27,16.27,16.27,0,0,0,0,0,0,0,0,0,0,0,0,0,0,0,0,0,0
2005-01-01T00:00:00Z,17.64,17.64,17.64,17.64,17.64,17.64,17.64,17.64,17.64,0,0,0,0,0,0,0,0,0,0,0,0,0,0,0,0,0,0
2005-02-01T00:00:00Z,18.51,18.51,18.51,18.51,18.51,18.51,18.51,18.51,18.51,0,0,0,0,0,0,0,0,0,0,0,0,0,0,0,0,0,0
2005-03-01T00:00:00Z,20.37,20.37,20.37,20.37,20.37,20.37,20.37,20.37,20.37,0,0,0,0,0,0,0,0,0,0,0,0,0,0,0,0,0,0
2005-04-01T00:00:00Z,23.74,23.74,23.74,23.74,23.74,23.74,23.74,23.74,23.74,0,0,0,0,0,0,0,0,0,0,0,0,0,0,0,0,0,0
2005-05-01T00:00:00Z,28.45,28.45,28.45,28.45,28.45,28.45,28.45,28.45,28.45,0,0,0,0,0,0,0,0,0,0,0,0,0,0,0,0,0,0
2005-06-01T00:00:00Z,31.1,31.1,31.1,31.1,31.1,31.1,31.1,31.1,31.1,0,0,0,0,0,0,0,0,0,0,0,0,0,0,0,0,0,0
2005-07-01T00:00:00Z,32.66,32.66,32.66,32.66,32.66,32.66,32.66,32.66,32.66,0,0,0,0,0,0,0,0,0,0,0,0,0,0,0,0,0,0
2005-08-01T00:00:00Z,32.32,32.32,32.32,32.32,32.32,32.32,32.32,32.32,32.32,0,0,0,0,0,0,0,0,0,0,0,0,0,0,0,0,0,0
2005-09-01T00:00:00Z,32.04,32.04,32.04,32.04,32.04,32.04,32.04,32.04,32.04,0,0,0,0,0,0,0,0,0,0,0,0,0,0,0,0,0,0
2005-10-01T00:00:00Z,26.4,26.4,26.4,26.4,26.4,26.4,26.4,26.4,26.4,0,0,0,0,0,0,0,0,0,0,0,0,0,0,0,0,0,0
2005-11-01T00:00:00Z,23.28,23.28,23.28,23.28,23.28,23.28,23.28,23.28,23.28,0,0,0,0,0,0,0,0,0,0,0,0,0,0,0,0,0,0
2005-12-01T00:00:00Z,16.1,16.1,16.1,16.1,16.1,16.1,16.1,16.1,16.1,0,0,0,0,0,0,0,0,0,0,0,0,0,0,0,0,0,0
2006-01-01T00:00:00Z,19.87,19.87,19.87,19.87,19.87,19.87,19.87,19.87,19.87,0,0,0,0,0,0,0,0,0,0,0,0,0,0,0,0,0,0
2006-02-01T00:00:00Z,17.65,17.65,17.65,17.65,17.65,17.65,17.65,17.65,17.65,0,0,0,0,0,0,0,0,0,0,0,0,0,0,0,0,0,0
2006-03-01T00:00:00Z,23.23,23.23,23.23,23.23,23.23,23.23,23.23,23.23,23.23,0,0,0,0,0,0,0,0,0,0,0,0,0,0,0,0,0,0
2006-04-01T00:00:00Z,28.59,28.59,28.59,28.59,28.59,28.59,28.59,28.59,28.59,0,0,0,0,0,0,0,0,0,0,0,0,0,0,0,0,0,0
2006-05-01T00:00:00Z,29.81,29.81,29.81,29.81,29.81,29.81,29.81,29.81,29.81,0,0,0,0,0,0,0,0,0,0,0,0,0,0,0,0,0,0
2006-06-01T00:00:00Z,33.19,33.19,33.19,33.19,33.19,33.19,33.19,33.19,33.19,0,0,0,0,0,0,0,0,0,0,0,0,0,0,0,0,0,0
2006-07-01T00:00:00Z,34.28,34.28,34.28,34.28,34.28,34.28,34.28,34.28,34.28,0,0,0,0,0,0,0,0,0,0,0,0,0,0,0,0,0,0
2006-08-01T00:00:00Z,33.88,33.88,33.88,33.88,33.88,33.88,33.88,33.88,33.88,0,0,0,0,0,0,0,0,0,0,0,0,0,0,0,0,0,0
2006-09-01T00:00:00Z,30.09,30.09,30.09,30.09,30.09,30.09,30.09,30.09,30.09,0,0,0,0,0,0,0,0,0,0,0,0,0,0,0,0,0,0
2006-10-01T00:00:00Z,25.94,25.94,25.94,25.94,25.94,25.94,25.94,25.94,25.94,0,0,0,0,0,0,0,0,0,0,0,0,0,0,0,0,0,0
2006-11-01T00:00:00Z,21.13,21.13,21.13,21.13,21.13,21.13,21.13,21.13,21.13,0,0,0,0,0,0,0,0,0,0,0,0,0,0,0,0,0,0
2006-12-01T00:00:00Z,19.58,19.58,19.58,19.58,19.58,19.58,19.58,19.58,19.58,0,0,0,0,0,0,0,0,0,0,0,0,0,0,0,0,0,0
2007-01-01T00:00:00Z,16.92,16.92,16.92,16.92,16.92,16.92,16.92,16.92,16.92,0,0,0,0,0,0,0,0,0,0,0,0,0,0,0,0,0,0
2007-02-01T00:00:00Z,17.95,17.95,17.95,17.95,17.95,17.95,17.95,17.95,17.95,0,0,0,0,0,0,0,0,0,0,0,0,0,0,0,0,0,0
2007-03-01T00:00:00Z,25.04,25.04,25.04,25.04,25.04,25.04,25.04,25.04,25.04,0,0,0,0,0,0,0,0,0,0,0,0,0,0,0,0,0,0
2007-04-01T00:00:00Z,25.35,25.35,25.35,25.35,25.35,25.35,25.35,25.35,25.35,0,0,0,0,0,0,0,0,0,0,0,0,0,0,0,0,0,0
2007-05-01T00:00:00Z,31.05,31.05,31.05,31.05,31.05,31.05,31.05,31.05,31.05,0,0,0,0,0,0,0,0,0,0,0,0,0,0,0,0,0,0
2007-06-01T00:00:00Z,33.61,33.61,33.61,33.61,33.61,33.61,33.61,33.61,33.61,0,0,0,0,0,0,0,0,0,0,0,0,0,0,0,0,0,0
2007-07-01T00:00:00Z,34.63,34.63,34.63,34.63,34.63,34.63,34.63,34.63,34.63,0,0,0,0,0,0,0,0,0,0,0,0,0,0,0,0,0,0
2007-08-01T00:00:00Z,35.31,35.31,35.31,35.31,35.31,35.31,35.31,35.31,35.31,0,0,0,0,0,0,0,0,0,0,0,0,0,0,0,0,0,0
2007-09-01T00:00:00Z,31.64,31.64,31.64,31.64,31.64,31.64,31.64,31.64,31.64,0,0,0,0,0,0,0,0,0,0,0,0,0,0,0,0,0,0
2007-10-01T00:00:00Z,27.49,27.49,27.49,27.49,27.49,27.49,27.49,27.49,27.49,0,0,0,0,0,0,0,0,0,0,0,0,0,0,0,0,0,0
2007-11-01T00:00:00Z,22.03,22.03,22.03,22.03,22.03,22.03,22.03,22.03,22.03,0,0,0,0,0,0,0,0,0,0,0,0,0,0,0,0,0,0
2007-12-01T00:00:00Z,20.28,20.28,20.28,20.28,20.28,20.28,20.28,20.28,20.28,0,0,0,0,0,0,0,0,0,0,0,0,0,0,0,0,0,0
2008-01-01T00:00:00Z,15.3,15.3,15.3,15.3,15.3,15.3,15.3,15.3,15.3,0,0,0,0,0,0,0,0,0,0,0,0,0,0,0,0,0,0
2008-02-01T00:00:00Z,20.25,20.25,20.25,20.25,20.25,20.25,20.25,20.25,20.25,0,0,0,0,0,0,0,0,0,0,0,0,0,0,0,0,0,0
2008-03-01T00:00:00Z,22.3,22.3,22.3,22.3,22.3,22.3,22.3,22.3,22.3,0,0,0,0,0,0,0,0,0,0,0,0,0,0,0,0,0,0
2008-04-01T00:00:00Z,25.86,25.86,25.86,25.86,25.86,25.86,25.86,25.86,25.86,0,0,0,0,0,0,0,0,0,0,0,0,0,0,0,0,0,0
2008-05-01T00:00:00Z,30.84,30.84,30.84,30.84,30.84,30.84,30.84,30.84,30.84,0,0,0,0,0,0,0,0,0,0,0,0,0,0,0,0,0,0
2008-06-01T00:00:00Z,34.29,34.29,34.29,34.29,34.29,34.29,34.29,34.29,34.29,0,0,0,0,0,0,0,0,0,0,0,0,0,0,0,0,0,0
2008-07-01T00:00:00Z,33.65,33.65,33.65,33.65,33.65,33.65,33.65,33.65,33.65,0,0,0,0,0,0,0,0,0,0,0,0,0,0,0,0,0,0
2008-08-01T00:00:00Z,31.78,31.78,31.78,31.78,31.78,31.78,31.78,31.78,31.78,0,0,0,0,0,0,0,0,0,0,0,0,0,0,0,0,0,0
2008-09-01T00:00:00Z,31.56,31.56,31.56,31.56,31.56,31.56,31.56,31.56,31.56,0,0,0,0,0,0,0,0,0,0,0,0,0,0,0,0,0,0
2008-10-01T00:00:00Z,25.6,25.6,25.6,25.6,25.6,25.6,25.6,25.6,25.6,0,0,0,0,0,0,0,0,0,0,0,0,0,0,0,0,0,0
2008-11-01T00:00:00Z,20.29,20.29,20.29,20.29,20.29,20.29,20.29,20.29,20.29,0,0,0,0,0,0,0,0,0,0,0,0,0,0,0,0,0,0
2008-12-01T00:00:00Z,20.12,20.12,20.12,20.12,20.12,20.12,20.12,20.12,20.12,0,0,0,0,0,0,0,0,0,0,0,0,0,0,0,0,0,0
2009-01-01T00:00:00Z,17.57,17.57,17.57,17.57,17.57,17.57,17.57,17.57,17.57,0,0,0,0,0,0,0,0,0,0,0,0,0,0,0,0,0,0
2009-02-01T00:00:00Z,18.72,18.72,18.72,18.72,18.72,18.72,18.72,18.72,18.72,0,0,0,0,0,0,0,0,0,0,0,0,0,0,0,0,0,0
2009-03-01T00:00:00Z,22.53,22.53,22.53,22.53,22.53,22.53,22.53,22.53,22.53,0,0,0,0,0,0,0,0,0,0,0,0,0,0,0,0,0,0
2009-04-01T00:00:00Z,25.46,25.46,25.46,25.46,25.46,25.46,25.46,25.46,25.46,0,0,0,0,0,0,0,0,0,0,0,0,0,0,0,0,0,0
2009-05-01T00:00:00Z,29.21,29.21,29.21,29.21,29.21,29.21,29.21,29.21,29.21,0,0,0,0,0,0,0,0,0,0,0,0,0,0,0,0,0,0
2009-06-01T00:00:00Z,34.29,34.29,34.29,34.29,34.29,34.29,34.29,34.29,34.29,0,0,0,0,0,0,0,0,0,0,0,0,0,0,0,0,0,0
2009-07-01T00:00:00Z,32.73,32.73,32.73,32.73,32.73,32.73,32.73,32.73,32.73,0,0,0,0,0,0,0,0,0,0,0,0,0,0,0,0,0,0
2009-08-01T00:00:00Z,32.61,32.61,32.61,32.61,32.61,32.61,32.61,32.61,32.61,0,0,0,0,0,0,0,0,0,0,0,0,0,0,0,0,0,0
2009-09-01T00:00:00Z,31.19,31.19,31.19,31.19,31.19,31.19,31.19,31.19,31.19,0,0,0,0,0,0,0,0,0,0,0,0,0,0,0,0,0,0
2009-10-01T00:00:00Z,26.79,26.79,26.79,26.79,26.79,26.79,26.79,26.79,26.79,0,0,0,0,0,0,0,0,0,0,0,0,0,0,0,0,0,0
2009-11-01T00:00:00Z,20.98,20.98,20.98,20.98,20.98,20.98,20.98,20.98,20.98,0,0,0,0,0,0,0,0,0,0,0,0,0,0,0,0,0,0
2009-12-01T00:00:00Z,15.73,15.73,15.73,15.73,15.73,15.73,15.73,15.73,15.73,0,0,0,0,0,0,0,0,0,0,0,0,0,0,0,0,0,0
2010-01-01T00:00:00Z,13.9,13.9,13.9,13.9,13.9,13.9,13.9,13.9,13.9,0,0,0,0,0,0,0,0,0,0,0,0,0,0,0,0,0,0
2010-02-01T00:00:00Z,13.66,13.66,13.66,13.66,13.66,13.66,13.66,13.66,13.66,0,0,0,0,0,0,0,0,0,0,0,0,0,0,0,0,0,0
2010-03-01T00:00:00Z,19.8,19.8,19.8,19.8,19.8,19.8,19.8,19.8,19.8,0,0,0,0,0,0,0,0,0,0,0,0,0,0,0,0,0,0
2010-04-01T00:00:00Z,27.36,27.36,27.36,27.36,27.36,27.36,27.36,27.36,27.36,0,0,0,0,0,0,0,0,0,0,0,0,0,0,0,0,0,0
2010-05-01T00:00:00Z,31.1,31.1,31.1,31.1,31.1,31.1,31.1,31.1,31.1,0,0,0,0,0,0,0,0,0,0,0,0,0,0,0,0,0,0
2010-06-01T00:00:00Z,34.66,34.66,34.66,34.66,34.66,34.66,34.66,34.66,34.66,0,0,0,0,0,0,0,0,0,0,0,0,0,0,0,0,0,0
2010-07-01T00:00:00Z,35.23,35.23,35.23,35.23,35.23,35.23,35.23,35.23,35.23,0,0,0,0,0,0,0,0,0,0,0,0,0,0,0,0,0,0
2010-08-01T00:00:00Z,34.36,34.36,34.36,34.36,34.36,34.36,34.36,34.36,34.36,0,0,0,0,0,0,0,0,0,0,0,0,0,0,0,0,0,0
2010-09-01T00:00:00Z,34,34,34,34,34,34,34,34,34,0,0,0,0,0,0,0,0,0,0,0,0,0,0,0,0,0,0
2010-10-01T00:00:00Z,28.95,28.95,28.95,28.95,28.95,28.95,28.95,28.95,28.95,0,0,0,0,0,0,0,0,0,0,0,0,0,0,0,0,0,0
2010-11-01T00:00:00Z,23.15,23.15,23.15,23.15,23.15,23.15,23.15,23.15,23.15,0,0,0,0,0,0,0,0,0,0,0,0,0,0,0,0,0,0
2010-12-01T00:00:00Z,14.11,14.11,14.11,14.11,14.11,14.11,14.11,14.11,14.11,0,0,0,0,0,0,0,0,0,0,0,0,0,0,0,0,0,0
2011-01-01T00:00:00Z,13.84,13.84,13.84,13.84,13.84,13.84,13.84,13.84,13.84,0,0,0,0,0,0,0,0,0,0,0,0,0,0,0,0,0,0
2011-02-01T00:00:00Z,19.81,19.81,19.81,19.81,19.81,19.81,19.81,19.81,19.81,0,0,0,0,0,0,0,0,0,0,0,0,0,0,0,0,0,0
2011-03-01T00:00:00Z,23.57,23.57,23.57,23.57,23.57,23.57,23.57,23.57,23.57,0,0,0,0,0,0,0,0,0,0,0,0,0,0,0,0,0,0
2011-04-01T00:00:00Z,28.9,28.9,28.9,28.9,28.9,28.9,28.9,28.9,28.9,0,0,0,0,0,0,0,0,0,0,0,0,0,0,0,0,0,0
2011-05-01T00:00:00Z,31.63,31.63,31.63,31.63,31.63,31.63,31.63,31.63,31.63,0,0,0,0,0,0,0,0,0,0,0,0,0,0,0,0,0,0
2011-06-01T00:00:00Z,36.23,36.23,36.23,36.23,36.23,36.23,36.23,36.23,36.23,0,0,0,0,0,0,0,0,0,0,0,0,0,0,0,0,0,0
2011-07-01T00:00:00Z,34.13,34.13,34.13,34.13,34.13,34.13,34.13,34.13,34.13,0,0,0,0,0,0,0,0,0,0,0,0,0,0,0,0,0,0
2011-08-01T00:00:00Z,35.91,35.91,35.91,35.91,35.91,35.91,35.91,35.91,35.91,0,0,0,0,0,0,0,0,0,0,0,0,0,0,0,0,0,0
2011-09-01T00:00:00Z,31.05,31.05,31.05,31.05,31.05,31.05,31.05,31.05,31.05,0,0,0,0,0,0,0,0,0,0,0,0,0,0,0,0,0,0
2011-10-01T00:00:00Z,25.8,25.8,25.8,25.8,25.8,25.8,25.8,25.8,25.8,0,0,0,0,0,0,0,0,0,0,0,0,0,0,0,0,0,0
2011-11-01T00:00:00Z,23.06,23.06,23.06,23.06,23.06,23.06,23.06,23.06,23.06,0,0,0,0,0,0,0,0,0,0,0,0,0,0,0,0,0,0
2011-12-01T00:00:00Z,19.75,19.75,19.75,19.75,19.75,19.75,19.75,19.75,19.75,0,0,0,0,0,0,0,0,0,0,0,0,0,0,0,0,0,0
2012-01-01T00:00:00Z,19.87,19.87,19.87,19.87,19.87,19.87,19.87,19.87,19.87,0,0,0,0,0,0,0,0,0,0,0,0,0,0,0,0,0,0
2012-02-01T00:00:00Z,19.61,19.61,19.61,19.61,19.61,19.61,19.61,19.61,19.61,0,0,0,0,0,0,0,0,0,0,0,0,0,0,0,0,0,0
2012-03-01T00:00:00Z,26.75,26.75,26.75,26.75,26.75,26.75,26.75,26.75,26.75,0,0,0,0,0,0,0,0,0,0,0,0,0,0,0,0,0,0
2012-04-01T00:00:00Z,27.38,27.38,27.38,27.38,27.38,27.38,27.38,27.38,27.38,0,0,0,0,0,0,0,0,0,0,0,0,0,0,0,0,0,0
2012-05-01T00:00:00Z,31.26,31.26,31.26,31.26,31.26,31.26,31.26,31.26,31.26,0,0,0,0,0,0,0,0,0,0,0,0,0,0,0,0,0,0
2012-06-01T00:00:00Z,31.47,31.47,31.47,31.47,31.47,31.47,31.47,31.47,31.47,0,0,0,0,0,0,0,0,0,0,0,0,0,0,0,0,0,0
2012-07-01T00:00:00Z,34.35,34.35,34.35,34.35,34.35,34.35,34.35,34.35,34.35,0,0,0,0,0,0,0,0,0,0,0,0,0,0,0,0,0,0
2012-08-01T00:00:00Z,31.78,31.78,31.78,31.78,31.78,31.78,31.78,31.78,31.78,0,0,0,0,0,0,0,0,0,0,0,0,0,0,0,0,0,0
2012-09-01T00:00:00Z,31.03,31.03,31.03,31.03,31.03,31.03,31.03,31.03,31.03,0,0,0,0,0,0,0,0,0,0,0,0,0,0,0,0,0,0
2012-10-01T00:00:00Z,26.4,26.4,26.4,26.4,26.4,26.4,26.4,26.4,26.4,0,0,0,0,0,0,0,0,0,0,0,0,0,0,0,0,0,0
2012-11-01T00:00:00Z,21.07,21.07,21.07,21.07,21.07,21.07,21.07,21.07,21.07,0,0,0,0,0,0,0,0,0,0,0,0,0,0,0,0,0,0
2012-12-01T00:00:00Z,19.79,19.79,19.79,19.79,19.79,19.79,19.79,19.79,19.79,0,0,0,0,0,0,0,0,0,0,0,0,0,0,0,0,0,0
2013-01-01T00:00:00Z,20.95,20.95,20.95,20.95,20.95,20.95,20.95,20.95,20.95,0,0,0,0,0,0,0,0,0,0,0,0,0,0,0,0,0,0
2013-02-01T00:00:00Z,18.32,18.32,18.32,18.32,18.32,18.32,18.32,18.32,18.32,0,0,0,0,0,0,0,0,0,0,0,0,0,0,0,0,0,0
2013-03-01T00:00:00Z,19.51,19.51,19.51,19.51,19.51,19.51,19.51,19.51,19.51,0,0,0,0,0,0,0,0,0,0,0,0,0,0,0,0,0,0
2013-04-01T00:00:00Z,25.96,25.96,25.96,25.96,25.96,25.96,25.96,25.96,25.96,0,0,0,0,0,0,0,0,0,0,0,0,0,0,0,0,0,0
2013-05-01T00:00:00Z,28.97,28.97,28.97,28.97,28.97,28.97,28.97,28.97,28.97,0,0,0,0,0,0,0,0,0,0,0,0,0,0,0,0,0,0
2013-06-01T00:00:00Z,32.42,32.42,32.42,32.42,32.42,32.42,32.42,32.42,32.42,0,0,0,0,0,0,0,0,0,0,0,0,0,0,0,0,0,0
2013-07-01T00:00:00Z,31.86,31.86,31.86,31.86,31.86,31.86,31.86,31.86,31.86,0,0,0,0,0,0,0,0,0,0,0,0,0,0,0,0,0,0
2013-08-01T00:00:00Z,32.96,32.96,32.96,32.96,32.96,32.96,32.96,32.96,32.96,0,0,0,0,0,0,0,0,0,0,0,0,0,0,0,0,0,0
2013-09-01T00:00:00Z,31.28,31.28,31.28,31.28,31.28,31.28,31.28,31.28,31.28,0,0,0,0,0,0,0,0,0,0,0,0,0,0,0,0,0,0
2013-10-01T00:00:00Z,27.11,27.11,27.11,27.11,27.11,27.11,27.11,27.11,27.11,0,0,0,0,0,0,0,0,0,0,0,0,0,0,0,0,0,0
2013-11-01T00:00:00Z,20.68,20.68,20.68,20.68,20.68,20.68,20.68,20.68,20.68,0,0,0,0,0,0,0,0,0,0,0,0,0,0,0,0,0,0
2013-12-01T00:00:00Z,19.85,19.85,19.85,19.85,19.85,19.85,19.85,19.85,19.85,0,0,0,0,0,0,0,0,0,0,0,0,0,0,0,0,0,0
2014-01-01T00:00:00Z,13.81,13.81,13.81,13.81,13.81,13.81,13.81,13.81,13.81,0,0,0,0,0,0,0,0,0,0,0,0,0,0,0,0,0,0
2014-02-01T00:00:00Z,19.41,19.41,19.41,19.41,19.41,19.41,19.41,19.41,19.41,0,0,0,0,0,0,0,0,0,0,0,0,0,0,0,0,0,0
2014-03-01T00:00:00Z,20.99,20.99,20.99,20.99,20.99,20.99,20.99,20.99,20.99,0,0,0,0,0,0,0,0,0,0,0,0,0,0,0,0,0,0
2014-04-01T00:00:00Z,25.24,25.24,25.24,25.24,25.24,25.24,25.24,25.24,25.24,0,0,0,0,0,0,0,0,0,0,0,0,0,0,0,0,0,0
2014-05-01T00:00:00Z,29.89,29.89,29.89,29.89,29.89,29.89,29.89,29.89,29.89,0,0,0,0,0,0,0,0,0,0,0,0,0,0,0,0,0,0
2014-06-01T00:00:00Z,32.69,32.69,32.69,32.69,32.69,32.69,32.69,32.69,32.69,0,0,0,0,0,0,0,0,0,0,0,0,0,0,0,0,0,0
2014-07-01T00:00:00Z,32.93,32.93,32.93,32.93,32.93,32.93,32.93,32.93,32.93,0,0,0,0,0,0,0,0,0,0,0,0,0,0,0,0,0,0
2014-08-01T00:00:00Z,34.59,34.59,34.59,34.59,34.59,34.59,34.59,34.59,34.59,0,0,0,0,0,0,0,0,0,0,0,0,0,0,0,0,0,0
2014-09-01T00:00:00Z,30.71,30.71,30.71,30.71,30.71,30.71,30.71,30.71,30.71,0,0,0,0,0,0,0,0,0,0,0,0,0,0,0,0,0,0
2014-10-01T00:00:00Z,27.8,27.8,27.8,27.8,27.8,27.8,27.8,27.8,27.8,0,0,0,0,0,0,0,0,0,0,0,0,0,0,0,0,0,0
2014-11-01T00:00:00Z,19.34,19.34,19.34,19.34,19.34,19.34,19.34,19.34,19.34,0,0,0,0,0,0,0,0,0,0,0,0,0,0,0,0,0,0
2014-12-01T00:00:00Z,18.71,18.71,18.71,18.71,18.71,18.71,18.71,18.71,18.71,0,0,0,0,0,0,0,0,0,0,0,0,0,0,0,0,0,0
2015-01-01T00:00:00Z,15.68,15.68,15.68,15.68,15.68,15.68,15.68,15.68,15.68,0,0,0,0,0,0,0,0,0,0,0,0,0,0,0,0,0,0
2015-02-01T00:00:00Z,15.34,15.34,15.34,15.34,15.34,15.34,15.34,15.34,15.34,0,0,0,0,0,0,0,0,0,0,0,0,0,0,0,0,0,0
2015-03-01T00:00:00Z,23.7,23.7,23.7,23.7,23.7,23.7,23.7,23.7,23.7,0,0,0,0,0,0,0,0,0,0,0,0,0,0,0,0,0,0
2015-04-01T00:00:00Z,26.16,26.16,26.16,26.16,26.16,26.16,26.16,26.16,26.16,0,0,0,0,0,0,0,0,0,0,0,0,0,0,0,0,0,0
2015-05-01T00:00:00Z,31.23,31.23,31.23,31.23,31.23,31.23,31.23,31.23,31.23,0,0,0,0,0,0,0,0,0,0,0,0,0,0,0,0,0,0
2015-06-01T00:00:00Z,33.07,33.07,33.07,33.07,33.07,33.07,33.07,33.07,33.07,0,0,0,0,0,0,0,0,0,0,0,0,0,0,0,0,0,0
2015-07-01T00:00:00Z,34.68,34.68,34.68,34.68,34.68,34.68,34.68,34.68,34.68,0,0,0,0,0,0,0,0,0,0,0,0,0,0,0,0,0,0
2015-08-01T00:00:00Z,33.44,33.44,33.44,33.44,33.44,33.44,33.44,33.44,33.44,0,0,0,0,0,0,0,0,0,0,0,0,0,0,0,0,0,0
2015-09-01T00:00:00Z,29.99,29.99,29.99,29.99,29.99,29.99,29.99,29.99,29.99,0,0,0,0,0,0,0,0,0,0,0,0,0,0,0,0,0,0
2015-10-01T00:00:00Z,26.99,26.99,26.99,26.99,26.99,26.99,26.99,26.99,26.99,0,0,0,0,0,0,0,0,0,0,0,0,0,0,0,0,0,0
2015-11-01T00:00:00Z,23.97,23.97,23.97,23.97,23.97,23.97,23.97,23.97,23.97,0,0,0,0,0,0,0,0,0,0,0,0,0,0,0,0,0,0
2015-12-01T00:00:00Z,21.57,21.57,21.57,21.57,21.57,21.57,21.57,21.57,21.57,0,0,0,0,0,0,0,0,0,0,0,0,0,0,0,0,0,0
#Tmin,,,,,,,,,,,,,,,,,,,,,,,,,,,
,eco1,eco2,eco3,eco4,eco5,eco6,eco7,eco8,eco9,eco1,eco2,eco3,eco4,eco5,eco6,eco7,eco8,eco9,eco1,eco2,eco3,eco4,eco5,eco6,eco7,eco8,eco9
TIMESTEP,TMIN_C,TMIN_C,TMIN_C,TMIN_C,TMIN_C,TMIN_C,TMIN_C,TMIN_C,TMIN_C,VAR,VAR,VAR,VAR,VAR,VAR,VAR,VAR,VAR,STDEV,STDEV,STDEV,STDEV,STDEV,STDEV,STDEV,STDEV,STDEV
2000-01-01T00:00:00Z,3.51,3.51,3.51,3.51,3.51,3.51,3.51,3.51,3.51,0,0,0,0,0,0,0,0,0,0,0,0,0,0,0,0,0,0
2000-02-01T00:00:00Z,4.28,4.28,4.28,4.28,4.28,4.28,4.28,4.28,4.28,0,0,0,0,0,0,0,0,0,0,0,0,0,0,0,0,0,0
2000-03-01T00:00:00Z,9.16,9.16,9.16,9.16,9.16,9.16,9.16,9.16,9.16,0,0,0,0,0,0,0,0,0,0,0,0,0,0,0,0,0,0
2000-04-01T00:00:00Z,9.69,9.69,9.69,9.69,9.69,9.69,9.69,9.69,9.69,0,0,0,0,0,0,0,0,0,0,0,0,0,0,0,0,0,0
2000-05-01T00:00:00Z,17.46,17.46,17.46,17.46,17.46,17.46,17.46,17.46,17.46,0,0,0,0,0,0,0,0,0,0,0,0,0,0,0,0,0,0
2000-06-01T00:00:00Z,20.02,20.02,20.02,20.02,20.02,20.02,20.02,20.02,20.02,0,0,0,0,0,0,0,0,0,0,0,0,0,0,0,0,0,0
2000-07-01T00:00:00Z,21.6,21.6,21.6,21.6,21.6,21.6,21.6,21.6,21.6,0,0,0,0,0,0,0,0,0,0,0,0,0,0,0,0,0,0
2000-08-01T00:00:00Z,21.03,21.03,21.03,21.03,21.03,21.03,21.03,21.03,21.03,0,0,0,0,0,0,0,0,0,0,0,0,0,0,0,0,0,0
2000-09-01T00:00:00Z,19.11,19.11,19.11,19.11,19.11,19.11,19.11,19.11,19.11,0,0,0,0,0,0,0,0,0,0,0,0,0,0,0,0,0,0
2000-10-01T00:00:00Z,10.74,10.74,10.74,10.74,10.74,10.74,10.74,10.74,10.74,0,0,0,0,0,0,0,0,0,0,0,0,0,0,0,0,0,0
2000-11-01T00:00:00Z,7.34,7.34,7.34,7.34,7.34,7.34,7.34,7.34,7.34,0,0,0,0,0,0,0,0,0,0,0,0,0,0,0,0,0,0
2000-12-01T00:00:00Z,1.2,1.2,1.2,1.2,1.2,1.2,1.2,1.2,1.2,0,0,0,0,0,0,0,0,0,0,0,0,0,0,0,0,0,0
2001-01-01T00:00:00Z,0.51,0.51,0.51,0.51,0.51,0.51,0.51,0.51,0.51,0,0,0,0,0,0,0,0,0,0,0,0,0,0,0,0,0,0
2001-02-01T00:00:00Z,8.14,8.14,8.14,8.14,8.14,8.14,8.14,8.14,8.14,0,0,0,0,0,0,0,0,0,0,0,0,0,0,0,0,0,0
2001-03-01T00:00:00Z,7.8,7.8,7.8,7.8,7.8,7.8,7.8,7.8,7.8,0,0,0,0,0,0,0,0,0,0,0,0,0,0,0,0,0,0
2001-04-01T00:00:00Z,12.38,12.38,12.38,12.38,12.38,12.38,12.38,12.38,12.38,0,0,0,0,0,0,0,0,0,0,0,0,0,0,0,0,0,0
2001-05-01T00:00:00Z,15.4,15.4,15.4,15.4,15.4,15.4,15.4,15.4,15.4,0,0,0,0,0,0,0,0,0,0,0,0,0,0,0,0,0,0
2001-06-01T00:00:00Z,20.32,20.32,20.32,20.32,20.32,20.32,20.32,20.32,20.32,0,0,0,0,0,0,0,0,0,0,0,0,0,0,0,0,0,0
2001-07-01T00:00:00Z,21.79,21.79,21.79,21.79,21.79,21.79,21.79,21.79,21.79,0,0,0,0,0,0,0,0,0,0,0,0,0,0,0,0,0,0
2001-08-01T00:00:00Z,21.11,21.11,21.11,21.11,21.11,21.11,21.11,21.11,21.11,0,0,0,0,0,0,0,0,0,0,0,0,0,0,0,0,0,0
2001-09-01T00:00:00Z,17.54,17.54,17.54,17.54,17.54,17.54,17.54,17.54,17.54,0,0,0,0,0,0,0,0,0,0,0,0,0,0,0,0,0,0
2001-10-01T00:00:00Z,10.31,10.31,10.31,10.31,10.31,10.31,10.31,10.31,10.31,0,0,0,0,0,0,0,0,0,0,0,0,0,0,0,0,0,0
2001-11-01T00:00:00Z,9.36,9.36,9.36,9.36,9.36,9.36,9.36,9.36,9.36,0,0,0,0,0,0,0,0,0,0,0,0,0,0,0,0,0,0
2001-12-01T00:00:00Z,6.22,6.22,6.22,6.22,6.22,6.22,6.22,6.22,6.22,0,0,0,0,0,0,0,0,0,0,0,0,0,0,0,0,0,0
2002-01-01T00:00:00Z,4.23,4.23,4.23,4.23,4.23,4.23,4.23,4.23,4.23,0,0,0,0,0,0,0,0,0,0,0,0,0,0,0,0,0,0
2002-02-01T00:00:00Z,2.63,2.63,2.63,2.63,2.63,2.63,2.63,2.63,2.63,0,0,0,0,0,0,0,0,0,0,0,0,0,0,0,0,0,0
2002-03-01T00:00:00Z,7.44,7.44,7.44,7.44,7.44,7.44,7.44,7.44,7.44,0,0,0,0,0,0,0,0,0,0,0,0,0,0,0,0,0,0
2002-04-01T00:00:00Z,15.23,15.23,15.23,15.23,15.23,15.23,15.23,15.23,15.23,0,0,0,0,0,0,0,0,0,0,0,0,0,0,0,0,0,0
2002-05-01T00:00:00Z,16.33,16.33,16.33,16.33,16.33,16.33,16.33,16.33,16.33,0,0,0,0,0,0,0,0,0,0,0,0,0,0,0,0,0,0
2002-06-01T00:00:00Z,20.4,20.4,20.4,20.4,20.4,20.4,20.4,20.4,20.4,0,0,0,0,0,0,0,0,0,0,0,0,0,0,0,0,0,0
2002-07-01T00:00:00Z,21.77,21.77,21.77,21.77,21.77,21.77,21.77,21.77,21.77,0,0,0,0,0,0,0,0,0,0,0,0,0,0,0,0,0,0
2002-08-01T00:00:00Z,21.18,21.18,21.18,21.18,21.18,21.18,21.18,21.18,21.18,0,0,0,0,0,0,0,0,0,0,0,0,0,0,0,0,0,0
2002-09-01T00:00:00Z,21.3,21.3,21.3,21.3,21.3,21.3,21.3,21.3,21.3,0,0,0,0,0,0,0,0,0,0,0,0,0,0,0,0,0,0
2002-10-01T00:00:00Z,17.22,17.22,17.22,17.22,17.22,17.22,17.22,17.22,17.22,0,0,0,0,0,0,0,0,0,0,0,0,0,0,0,0,0,0
2002-11-01T00:00:00Z,6.25,6.25,6.25,6.25,6.25,6.25,6.25,6.25,6.25,0,0,0,0,0,0,0,0,0,0,0,0,0,0,0,0,0,0
2002-12-01T00:00:00Z,2.87,2.87,2.87,2.87,2.87,2.87,2.87,2.87,2.87,0,0,0,0,0,0,0,0,0,0,0,0,0,0,0,0,0,0
2003-01-01T00:00:00Z,0.3,0.3,0.3,0.3,0.3,0.3,0.3,0.3,0.3,0,0,0,0,0,0,0,0,0,0,0,0,0,0,0,0,0,0
2003-02-01T00:00:00Z,4.67,4.67,4.67,4.67,4.67,4.67,4.67,4.67,4.67,0,0,0,0,0,0,0,0,0,0,0,0,0,0,0,0,0,0
2003-03-01T00:00:00Z,11.77,11.77,11.77,11.77,11.77,11.77,11.77,11.77,11.77,0,0,0,0,0,0,0,0,0,0,0,0,0,0,0,0,0,0
2003-04-01T00:00:00Z,12.42,12.42,12.42,12.42,12.42,12.42,12.42,12.42,12.42,0,0,0,0,0,0,0,0,0,0,0,0,0,0,0,0,0,0
2003-05-01T00:00:00Z,18.09,18.09,18.09,18.09,18.09,18.09,18.09,18.09,18.09,0,0,0,0,0,0,0,0,0,0,0,0,0,0,0,0,0,0
2003-06-01T00:00:00Z,20.77,20.77,20.77,20.77,20.77,20.77,20.77,20.77,20.77,0,0,0,0,0,0,0,0,0,0,0,0,0,0,0,0,0,0
2003-07-01T00:00:00Z,21.55,21.55,21.55,21.55,21.55,21.55,21.55,21.55,21.55,0,0,0,0,0,0,0,0,0,0,0,0,0,0,0,0,0,0
2003-08-01T00:00:00Z,21.79,21.79,21.79,21.79,21.79,21.79,21.79,21.79,21.79,0,0,0,0,0,0,0,0,0,0,0,0,0,0,0,0,0,0
2003-09-01T00:00:00Z,17.98,17.98,17.98,17.98,17.98,17.98,17.98,17.98,17.98,0,0,0,0,0,0,0,0,0,0,0,0,0,0,0,0,0,0
2003-10-01T00:00:00Z,13.32,13.32,13.32,13.32,13.32,13.32,13.32,13.32,13.32,0,0,0,0,0,0,0,0,0,0,0,0,0,0,0,0,0,0
2003-11-01T00:00:00Z,8.67,8.67,8.67,8.67,8.67,8.67,8.67,8.67,8.67,0,0,0,0,0,0,0,0,0,0,0,0,0,0,0,0,0,0
2003-12-01T00:00:00Z,0.52,0.52,0.52,0.52,0.52,0.52,0.52,0.52,0.52,0,0,0,0,0,0,0,0,0,0,0,0,0,0,0,0,0,0
2004-01-01T00:00:00Z,2.02,2.02,2.02,2.02,2.02,2.02,2.02,2.02,2.02,0,0,0,0,0,0,0,0,0,0,0,0,0,0,0,0,0,0
2004-02-01T00:00:00Z,4.15,4.15,4.15,4.15,4.15,4.15,4.15,4.15,4.15,0,0,0,0,0,0,0,0,0,0,0,0,0,0,0,0,0,0
2004-03-01T00:00:00Z,8.41,8.41,8.41,8.41,8.41,8.41,8.41,8.41,8.41,0,0,0,0,0,0,0,0,0,0,0,0,0,0,0,0,0,0
2004-04-01T00:00:00Z,9.29,9.29,9.29,9.29,9.29,9.29,9.29,9.29,9.29,0,0,0,0,0,0,0,0,0,0,0,0,0,0,0,0,0,0
2004-05-01T00:00:00Z,16.94,16.94,16.94,16.94,16.94,16.94,16.94,16.94,16.94,0,0,0,0,0,0,0,0,0,0,0,0,0,0,0,0,0,0
2004-06-01T00:00:00Z,20.71,20.71,20.71,20.71,20.71,20.71,20.71,20.71,20.71,0,0,0,0,0,0,0,0,0,0,0,0,0,0,0,0,0,0
2004-07-01T00:00:00Z,21.41,21.41,21.41,21.41,21.41,21.41,21.41,21.41,21.41,0,0,0,0,0,0,0,0,0,0,0,0,0,0,0,0,0,0
2004-08-01T00:00:00Z,21.13,21.13,21.13,21.13,21.13,21.13,21.13,21.13,21.13,0,0,0,0,0,0,0,0,0,0,0,0,0,0,0,0,0,0
2004-09-01T00:00:00Z,20.1,20.1,20.1,20.1,20.1,20.1,20.1,20.1,20.1,0,0,0,0,0,0,0,0,0,0,0,0,0,0,0,0,0,0
2004-10-01T00:00:00Z,15.66,15.66,15.66,15.66,15.66,15.66,15.66,15.66,15.66,0,0,0,0,0,0,0,0,0,0,0,0,0,0,0,0,0,0
2004-11-01T00:00:00Z,9.47,9.47,9.47,9.47,9.47,9.47,9.47,9.47,9.47,0,0,0,0,0,0,0,0,0,0,0,0,0,0,0,0,0,0
2004-12-01T00:00:00Z,2.91,2.91,2.91,2.91,2.91,2.91,2.91,2.91,2.91,0,0,0,0,0,0,0,0,0,0,0,0,0,0,0,0,0,0
2005-01-01T00:00:00Z,5.64,5.64,5.64,5.64,5.64,5.64,5.64,5.64,5.64,0,0,0,0,0,0,0,0,0,0,0,0,0,0,0,0,0,0
2005-02-01T00:00:00Z,6.42,6.42,6.42,6.42,6.42,6.42,6.42,6.42,6.42,0,0,0,0,0,0,0,0,0,0,0,0,0,0,0,0,0,0
2005-03-01T00:00:00Z,7.19,7.19,7.19,7.19,7.19,7.19,7.19,7.19,7.19,0,0,0,0,0,0,0,0,0,0,0,0,0,0,0,0,0,0
2005-04-01T00:00:00Z,10.3,10.3,10.3,10.3,10.3,10.3,10.3,10.3,10.3,0,0,0,0,0,0,0,0,0,0,0,0,0,0,0,0,0,0
2005-05-01T00:00:00Z,15.41,15.41,15.41,15.41,15.41,15.41,15.41,15.41,15.41,0,0,0,0,0,0,0,0,0,0,0,0,0,0,0,0,0,0
2005-06-01T00:00:00Z,20.92,20.92,20.92,20.92,20.92,20.92,20.92,20.92,20.92,0,0,0,0,0,0,0,0,0,0,0,0,0,0,0,0,0,0
2005-07-01T00:00:00Z,22.74,22.74,22.74,22.74,22.74,22.74,22.74,22.74,22.74,0,0,0,0,0,0,0,0,0,0,0,0,0,0,0,0,0,0
2005-08-01T00:00:00Z,22.59,22.59,22.59,22.59,22.59,22.59,22.59,22.59,22.59,0,0,0,0,0,0,0,0,0,0,0,0,0,0,0,0,0,0
2005-09-01T00:00:00Z,19.81,19.81,19.81,19.81,19.81,19.81,19.81,19.81,19.81,0,0,0,0,0,0,0,0,0,0,0,0,0,0,0,0,0,0
2005-10-01T00:00:00Z,12.88,12.88,12.88,12.88,12.88,12.88,12.88,12.88,12.88,0,0,0,0,0,0,0,0,0,0,0,0,0,0,0,0,0,0
2005-11-01T00:00:00Z,8.27,8.27,8.27,8.27,8.27,8.27,8.27,8.27,8.27,0,0,0,0,0,0,0,0,0,0,0,0,0,0,0,0,0,0
2005-12-01T00:00:00Z,2.2,2.2,2.2,2.2,2.2,2.2,2.2,2.2,2.2,0,0,0,0,0,0,0,0,0,0,0,0,0,0,0,0,0,0
2006-01-01T00:00:00Z,6.28,6.28,6.28,6.28,6.28,6.28,6.28,6.28,6.28,0,0,0,0,0,0,0,0,0,0,0,0,0,0,0,0,0,0
2006-02-01T00:00:00Z,3.31,3.31,3.31,3.31,3.31,3.31,3.31,3.31,3.31,0,0,0,0,0,0,0,0,0,0,0,0,0,0,0,0,0,0
2006-03-01T00:00:00Z,7.26,7.26,7.26,7.26,7.26,7.26,7.26,7.26,7.26,0,0,0,0,0,0,0,0,0,0,0,0,0,0,0,0,0,0
2006-04-01T00:00:00Z,13.78,13.78,13.78,13.78,13.78,13.78,13.78,13.78,13.78,0,0,0,0,0,0,0,0,0,0,0,0,0,0,0,0,0,0
2006-05-01T00:00:00Z,16.38,16.38,16.38,16.38,16.38,16.38,16.38,16.38,16.38,0,0,0,0,0,0,0,0,0,0,0,0,0,0,0,0,0,0
2006-06-01T00:00:00Z,19.49,19.49,19.49,19.49,19.49,19.49,19.49,19.49,19.49,0,0,0,0,0,0,0,0,0,0,0,0,0,0,0,0,0,0
2006-07-01T00:00:00Z,21.28,21.28,21.28,21.28,21.28,21.28,21.28,21.28,21.28,0,0,0,0,0,0,0,0,0,0,0,0,0,0,0,0,0,0
2006-08-01T00:00:00Z,22.29,22.29,22.29,22.29,22.29,22.29,22.29,22.29,22.29,0,0,0,0,0,0,0,0,0,0,0,0,0,0,0,0,0,0
2006-09-01T00:00:00Z,18.47,18.47,18.47,18.47,18.47,18.47,18.47,18.47,18.47,0,0,0,0,0,0,0,0,0,0,0,0,0,0,0,0,0,0
2006-10-01T00:00:00Z,11.37,11.37,11.37,11.37,11.37,11.37,11.37,11.37,11.37,0,0,0,0,0,0,0,0,0,0,0,0,0,0,0,0,0,0
2006-11-01T00:00:00Z,6.59,6.59,6.59,6.59,6.59,6.59,6.59,6.59,6.59,0,0,0,0,0,0,0,0,0,0,0,0,0,0,0,0,0,0
2006-12-01T00:00:00Z,5.91,5.91,5.91,5.91,5.91,5.91,5.91,5.91,5.91,0,0,0,0,0,0,0,0,0,0,0,0,0,0,0,0,0,0
2007-01-01T00:00:00Z,5.33,5.33,5.33,5.33,5.33,5.33,5.33,5.33,5.33,0,0,0,0,0,0,0,0,0,0,0,0,0,0,0,0,0,0
2007-02-01T00:00:00Z,2.87,2.87,2.87,2.87,2.87,2.87,2.87,2.87,2.87,0,0,0,0,0,0,0,0,0,0,0,0,0,0,0,0,0,0
2007-03-01T00:00:00Z,8.2,8.2,8.2,8.2,8.2,8.2,8.2,8.2,8.2,0,0,0,0,0,0,0,0,0,0,0,0,0,0,0,0,0,0
2007-04-01T00:00:00Z,9.79,9.79,9.79,9.79,9.79,9.79,9.79,9.79,9.79,0,0,0,0,0,0,0,0,0,0,0,0,0,0,0,0,0,0
2007-05-01T00:00:00Z,14.75,14.75,14.75,14.75,14.75,14.75,14.75,14.75,14.75,0,0,0,0,0,0,0,0,0,0,0,0,0,0,0,0,0,0
2007-06-01T00:00:00Z,19.85,19.85,19.85,19.85,19.85,19.85,19.85,19.85,19.85,0,0,0,0,0,0,0,0,0,0,0,0,0,0,0,0,0,0
2007-07-01T00:00:00Z,21.67,21.67,21.67,21.67,21.67,21.67,21.67,21.67,21.67,0,0,0,0,0,0,0,0,0,0,0,0,0,0,0,0,0,0
2007-08-01T00:00:00Z,23.03,23.03,23.03,23.03,23.03,23.03,23.03,23.03,23.03,0,0,0,0,0,0,0,0,0,0,0,0,0,0,0,0,0,0
2007-09-01T00:00:00Z,19.53,19.53,19.53,19.53,19.53,19.53,19.53,19.53,19.53,0,0,0,0,0,0,0,0,0,0,0,0,0,0,0,0,0,0
2007-10-01T00:00:00Z,15.46,15.46,15.46,15.46,15.46,15.46,15.46,15.46,15.46,0,0,0,0,0,0,0,0,0,0,0,0,0,0,0,0,0,0
2007-11-01T00:00:00Z,6.11,6.11,6.11,6.11,6.11,6.11,6.11,6.11,6.11,0,0,0,0,0,0,0,0,0,0,0,0,0,0,0,0,0,0
2007-12-01T00:00:00Z,6.66,6.66,6.66,6.66,6.66,6.66,6.66,6.66,6.66,0,0,0,0,0,0,0,0,0,0,0,0,0,0,0,0,0,0
2008-01-01T00:00:00Z,2.91,2.91,2.91,2.91,2.91,2.91,2.91,2.91,2.91,0,0,0,0,0,0,0,0,0,0,0,0,0,0,0,0,0,0
2008-02-01T00:00:00Z,3.75,3.75,3.75,3.75,3.75,3.75,3.75,3.75,3.75,0,0,0,0,0,0,0,0,0,0,0,0,0,0,0,0,0,0
2008-03-01T00:00:00Z,6.85,6.85,6.85,6.85,6.85,6.85,6.85,6.85,6.85,0,0,0,0,0,0,0,0,0,0,0,0,0,0,0,0,0,0
2008-04-01T00:00:00Z,11.99,11.99,11.99,11.99,11.99,11.99,11.99,11.99,11.99,0,0,0,0,0,0,0,0,0,0,0,0,0,0,0,0,0,0
2008-05-01T00:00:00Z,16.98,16.98,16.98,16.98,16.98,16.98,16.98,16.98,16.98,0,0,0,0,0,0,0,0,0,0,0,0,0,0,0,0,0,0
2008-06-01T00:00:00Z,20.74,20.74,20.74,20.74,20.74,20.74,20.74,20.74,20.74,0,0,0,0,0,0,0,0,0,0,0,0,0,0,0,0,0,0
2008-07-01T00:00:00Z,21.72,21.72,21.72,21.72,21.72,21.72,21.72,21.72,21.72,0,0,0,0,0,0,0,0,0,0,0,0,0,0,0,0,0,0
2008-08-01T00:00:00Z,21.83,21.83,21.83,21.83,21.83,21.83,21.83,21.83,21.83,0,0,0,0,0,0,0,0,0,0,0,0,0,0,0,0,0,0
2008-09-01T00:00:00Z,19.06,19.06,19.06,19.06,19.06,19.06,19.06,19.06,19.06,0,0,0,0,0,0,0,0,0,0,0,0,0,0,0,0,0,0
2008-10-01T00:00:00Z,11.9,11.9,11.9,11.9,11.9,11.9,11.9,11.9,11.9,0,0,0,0,0,0,0,0,0,0,0,0,0,0,0,0,0,0
2008-11-01T00:00:00Z,5.34,5.34,5.34,5.34,5.34,5.34,5.34,5.34,5.34,0,0,0,0,0,0,0,0,0,0,0,0,0,0,0,0,0,0
2008-12-01T00:00:00Z,6.35,6.35,6.35,6.35,6.35,6.35,6.35,6.35,6.35,0,0,0,0,0,0,0,0,0,0,0,0,0,0,0,0,0,0
2009-01-01T00:00:00Z,3.99,3.99,3.99,3.99,3.99,3.99,3.99,3.99,3.99,0,0,0,0,0,0,0,0,0,0,0,0,0,0,0,0,0,0
2009-02-01T00:00:00Z,2.81,2.81,2.81,2.81,2.81,2.81,2.81,2.81,2.81,0,0,0,0,0,0,0,0,0,0,0,0,0,0,0,0,0,0
2009-03-01T00:00:00Z,8.72,8.72,8.72,8.72,8.72,8.72,8.72,8.72,8.72,0,0,0,0,0,0,0,0,0,0,0,0,0,0,0,0,0,0
2009-04-01T00:00:00Z,11.86,11.86,11.86,11.86,11.86,11.86,11.86,11.86,11.86,0,0,0,0,0,0,0,0,0,0,0,0,0,0,0,0,0,0
2009-05-01T00:00:00Z,18.3,18.3,18.3,18.3,18.3,18.3,18.3,18.3,18.3,0,0,0,0,0,0,0,0,0,0,0,0,0,0,0,0,0,0
2009-06-01T00:00:00Z,21.55,21.55,21.55,21.55,21.55,21.55,21.55,21.55,21.55,0,0,0,0,0,0,0,0,0,0,0,0,0,0,0,0,0,0
2009-07-01T00:00:00Z,20.91,20.91,20.91,20.91,20.91,20.91,20.91,20.91,20.91,0,0,0,0,0,0,0,0,0,0,0,0,0,0,0,0,0,0
2009-08-01T00:00:00Z,21.32,21.32,21.32,21.32,21.32,21.32,21.32,21.32,21.32,0,0,0,0,0,0,0,0,0,0,0,0,0,0,0,0,0,0
2009-09-01T00:00:00Z,20.23,20.23,20.23,20.23,20.23,20.23,20.23,20.23,20.23,0,0,0,0,0,0,0,0,0,0,0,0,0,0,0,0,0,0
2009-10-01T00:00:00Z,15.2,15.2,15.2,15.2,15.2,15.2,15.2,15.2,15.2,0,0,0,0,0,0,0,0,0,0,0,0,0,0,0,0,0,0
2009-11-01T00:00:00Z,7.34,7.34,7.34,7.34,7.34,7.34,7.34,7.34,7.34,0,0,0,0,0,0,0,0,0,0,0,0,0,0,0,0,0,0
2009-12-01T00:00:00Z,4.66,4.66,4.66,4.66,4.66,4.66,4.66,4.66,4.66,0,0,0,0,0,0,0,0,0,0,0,0,0,0,0,0,0,0
2010-01-01T00:00:00Z,0.92,0.92,0.92,0.92,0.92,0.92,0.92,0.92,0.92,0,0,0,0,0,0,0,0,0,0,0,0,0,0,0,0,0,0
2010-02-01T00:00:00Z,1.31,1.31,1.31,1.31,1.31,1.31,1.31,1.31,1.31,0,0,0,0,0,0,0,0,0,0,0,0,0,0,0,0,0,0
2010-03-01T00:00:00Z,5.95,5.95,5.95,5.95,5.95,5.95,5.95,5.95,5.95,0,0,0,0,0,0,0,0,0,0,0,0,0,0,0,0,0,0
2010-04-01T00:00:00Z,11.42,11.42,11.42,11.42,11.42,11.42,11.42,11.42,11.42,0,0,0,0,0,0,0,0,0,0,0,0,0,0,0,0,0,0
2010-05-01T00:00:00Z,18.6,18.6,18.6,18.6,18.6,18.6,18.6,18.6,18.6,0,0,0,0,0,0,0,0,0,0,0,0,0,0,0,0,0,0
2010-06-01T00:00:00Z,22.03,22.03,22.03,22.03,22.03,22.03,22.03,22.03,22.03,0,0,0,0,0,0,0,0,0,0,0,0,0,0,0,0,0,0
2010-07-01T00:00:00Z,23.04,23.04,23.04,23.04,23.04,23.04,23.04,23.04,23.04,0,0,0,0,0,0,0,0,0,0,0,0,0,0,0,0,0,0
2010-08-01T00:00:00Z,24.04,24.04,24.04,24.04,24.04,24.04,24.04,24.04,24.04,0,0,0,0,0,0,0,0,0,0,0,0,0,0,0,0,0,0
2010-09-01T00:00:00Z,18.97,18.97,18.97,18.97,18.97,18.97,18.97,18.97,18.97,0,0,0,0,0,0,0,0,0,0,0,0,0,0,0,0,0,0
2010-10-01T00:00:00Z,11.19,11.19,11.19,11.19,11.19,11.19,11.19,11.19,11.19,0,0,0,0,0,0,0,0,0,0,0,0,0,0,0,0,0,0
2010-11-01T00:00:00Z,6.45,6.45,6.45,6.45,6.45,6.45,6.45,6.45,6.45,0,0,0,0,0,0,0,0,0,0,0,0,0,0,0,0,0,0
2010-12-01T00:00:00Z,-0.81,-0.81,-0.81,-0.81,-0.81,-0.81,-0.81,-0.81,-0.81,0,0,0,0,0,0,0,0,0,0,0,0,0,0,0,0,0,0
2011-01-01T00:00:00Z,0.23,0.23,0.23,0.23,0.23,0.23,0.23,0.23,0.23,0,0,0,0,0,0,0,0,0,0,0,0,0,0,0,0,0,0
2011-02-01T00:00:00Z,4.82,4.82,4.82,4.82,4.82,4.82,4.82,4.82,4.82,0,0,0,0,0,0,0,0,0,0,0,0,0,0,0,0,0,0
2011-03-01T00:00:00Z,9.37,9.37,9.37,9.37,9.37,9.37,9.37,9.37,9.37,0,0,0,0,0,0,0,0,0,0,0,0,0,0,0,0,0,0
2011-04-01T00:00:00Z,12.08,12.08,12.08,12.08,12.08,12.08,12.08,12.08,12.08,0,0,0,0,0,0,0,0,0,0,0,0,0,0,0,0,0,0
2011-05-01T00:00:00Z,14.76,14.76,14.76,14.76,14.76,14.76,14.76,14.76,14.76,0,0,0,0,0,0,0,0,0,0,0,0,0,0,0,0,0,0
2011-06-01T00:00:00Z,20.75,20.75,20.75,20.75,20.75,20.75,20.75,20.75,20.75,0,0,0,0,0,0,0,0,0,0,0,0,0,0,0,0,0,0
2011-07-01T00:00:00Z,22.14,22.14,22.14,22.14,22.14,22.14,22.14,22.14,22.14,0,0,0,0,0,0,0,0,0,0,0,0,0,0,0,0,0,0
2011-08-01T00:00:00Z,21.62,21.62,21.62,21.62,21.62,21.62,21.62,21.62,21.62,0,0,0,0,0,0,0,0,0,0,0,0,0,0,0,0,0,0
2011-09-01T00:00:00Z,17.57,17.57,17.57,17.57,17.57,17.57,17.57,17.57,17.57,0,0,0,0,0,0,0,0,0,0,0,0,0,0,0,0,0,0
2011-10-01T00:00:00Z,9.8,9.8,9.8,9.8,9.8,9.8,9.8,9.8,9.8,0,0,0,0,0,0,0,0,0,0,0,0,0,0,0,0,0,0
2011-11-01T00:00:00Z,7.66,7.66,7.66,7.66,7.66,7.66,7.66,7.66,7.66,0,0,0,0,0,0,0,0,0,0,0,0,0,0,0,0,0,0
2011-12-01T00:00:00Z,5.96,5.96,5.96,5.96,5.96,5.96,5.96,5.96,5.96,0,0,0,0,0,0,0,0,0,0,0,0,0,0,0,0,0,0
2012-01-01T00:00:00Z,4.35,4.35,4.35,4.35,4.35,4.35,4.35,4.35,4.35,0,0,0,0,0,0,0,0,0,0,0,0,0,0,0,0,0,0
2012-02-01T00:00:00Z,7.64,7.64,7.64,7.64,7.64,7.64,7.64,7.64,7.64,0,0,0,0,0,0,0,0,0,0,0,0,0,0,0,0,0,0
2012-03-01T00:00:00Z,12.82,12.82,12.82,12.82,12.82,12.82,12.82,12.82,12.82,0,0,0,0,0,0,0,0,0,0,0,0,0,0,0,0,0,0
2012-04-01T00:00:00Z,12.74,12.74,12.74,12.74,12.74,12.74,12.74,12.74,12.74,0,0,0,0,0,0,0,0,0,0,0,0,0,0,0,0,0,0
2012-05-01T00:00:00Z,17.48,17.48,17.48,17.48,17.48,17.48,17.48,17.48,17.48,0,0,0,0,0,0,0,0,0,0,0,0,0,0,0,0,0,0
2012-06-01T00:00:00Z,19.5,19.5,19.5,19.5,19.5,19.5,19.5,19.5,19.5,0,0,0,0,0,0,0,0,0,0,0,0,0,0,0,0,0,0
2012-07-01T00:00:00Z,22.08,22.08,22.08,22.08,22.08,22.08,22.08,22.08,22.08,0,0,0,0,0,0,0,0,0,0,0,0,0,0,0,0,0,0
2012-08-01T00:00:00Z,21.6,21.6,21.6,21.6,21.6,21.6,21.6,21.6,21.6,0,0,0,0,0,0,0,0,0,0,0,0,0,0,0,0,0,0
2012-09-01T00:00:00Z,18.71,18.71,18.71,18.71,18.71,18.71,18.71,18.71,18.71,0,0,0,0,0,0,0,0,0,0,0,0,0,0,0,0,0,0
2012-10-01T00:00:00Z,13.08,13.08,13.08,13.08,13.08,13.08,13.08,13.08,13.08,0,0,0,0,0,0,0,0,0,0,0,0,0,0,0,0,0,0
2012-11-01T00:00:00Z,5.63,5.63,5.63,5.63,5.63,5.63,5.63,5.63,5.63,0,0,0,0,0,0,0,0,0,0,0,0,0,0,0,0,0,0
2012-12-01T00:00:00Z,6.09,6.09,6.09,6.09,6.09,6.09,6.09,6.09,6.09,0,0,0,0,0,0,0,0,0,0,0,0,0,0,0,0,0,0
2013-01-01T00:00:00Z,7.72,7.72,7.72,7.72,7.72,7.72,7.72,7.72,7.72,0,0,0,0,0,0,0,0,0,0,0,0,0,0,0,0,0,0
2013-02-01T00:00:00Z,5.42,5.42,5.42,5.42,5.42,5.42,5.42,5.42,5.42,0,0,0,0,0,0,0,0,0,0,0,0,0,0,0,0,0,0
2013-03-01T00:00:00Z,5.27,5.27,5.27,5.27,5.27,5.27,5.27,5.27,5.27,0,0,0,0,0,0,0,0,0,0,0,0,0,0,0,0,0,0
2013-04-01T00:00:00Z,11.83,11.83,11.83,11.83,11.83,11.83,11.83,11.83,11.83,0,0,0,0,0,0,0,0,0,0,0,0,0,0,0,0,0,0
2013-05-01T00:00:00Z,14.8,14.8,14.8,14.8,14.8,14.8,14.8,14.8,14.8,0,0,0,0,0,0,0,0,0,0,0,0,0,0,0,0,0,0
2013-06-01T00:00:00Z,21.19,21.19,21.19,21.19,21.19,21.19,21.19,21.19,21.19,0,0,0,0,0,0,0,0,0,0,0,0,0,0,0,0,0,0
2013-07-01T00:00:00Z,21.8,21.8,21.8,21.8,21.8,21.8,21.8,21.8,21.8,0,0,0,0,0,0,0,0,0,0,0,0,0,0,0,0,0,0
2013-08-01T00:00:00Z,21.74,21.74,21.74,21.74,21.74,21.74,21.74,21.74,21.74,0,0,0,0,0,0,0,0,0,0,0,0,0,0,0,0,0,0
2013-09-01T00:00:00Z,19.81,19.81,19.81,19.81,19.81,19.81,19.81,19.81,19.81,0,0,0,0,0,0,0,0,0,0,0,0,0,0,0,0,0,0
2013-10-01T00:00:00Z,13.41,13.41,13.41,13.41,13.41,13.41,13.41,13.41,13.41,0,0,0,0,0,0,0,0,0,0,0,0,0,0,0,0,0,0
2013-11-01T00:00:00Z,7.47,7.47,7.47,7.47,7.47,7.47,7.47,7.47,7.47,0,0,0,0,0,0,0,0,0,0,0,0,0,0,0,0,0,0
2013-12-01T00:00:00Z,7.25,7.25,7.25,7.25,7.25,7.25,7.25,7.25,7.25,0,0,0,0,0,0,0,0,0,0,0,0,0,0,0,0,0,0
2014-01-01T00:00:00Z,0.2,0.2,0.2,0.2,0.2,0.2,0.2,0.2,0.2,0,0,0,0,0,0,0,0,0,0,0,0,0,0,0,0,0,0
2014-02-01T00:00:00Z,5.48,5.48,5.48,5.48,5.48,5.48,5.48,5.48,5.48,0,0,0,0,0,0,0,0,0,0,0,0,0,0,0,0,0,0
2014-03-01T00:00:00Z,6.92,6.92,6.92,6.92,6.92,6.92,6.92,6.92,6.92,0,0,0,0,0,0,0,0,0,0,0,0,0,0,0,0,0,0
2014-04-01T00:00:00Z,12.37,12.37,12.37,12.37,12.37,12.37,12.37,12.37,12.37,0,0,0,0,0,0,0,0,0,0,0,0,0,0,0,0,0,0
2014-05-01T00:00:00Z,15.93,15.93,15.93,15.93,15.93,15.93,15.93,15.93,15.93,0,0,0,0,0,0,0,0,0,0,0,0,0,0,0,0,0,0
2014-06-01T00:00:00Z,19.86,19.86,19.86,19.86,19.86,19.86,19.86,19.86,19.86,0,0,0,0,0,0,0,0,0,0,0,0,0,0,0,0,0,0
2014-07-01T00:00:00Z,20.14,20.14,20.14,20.14,20.14,20.14,20.14,20.14,20.14,0,0,0,0,0,0,0,0,0,0,0,0,0,0,0,0,0,0
2014-08-01T00:00:00Z,20.13,20.13,20.13,20.13,20.13,20.13,20.13,20.13,20.13,0,0,0,0,0,0,0,0,0,0,0,0,0,0,0,0,0,0
2014-09-01T00:00:00Z,18.81,18.81,18.81,18.81,18.81,18.81,18.81,18.81,18.81,0,0,0,0,0,0,0,0,0,0,0,0,0,0,0,0,0,0
2014-10-01T00:00:00Z,11.26,11.26,11.26,11.26,11.26,11.26,11.26,11.26,11.26,0,0,0,0,0,0,0,0,0,0,0,0,0,0,0,0,0,0
2014-11-01T00:00:00Z,2.73,2.73,2.73,2.73,2.73,2.73,2.73,2.73,2.73,0,0,0,0,0,0,0,0,0,0,0,0,0,0,0,0,0,0
2014-12-01T00:00:00Z,5.05,5.05,5.05,5.05,5.05,5.05,5.05,5.05,5.05,0,0,0,0,0,0,0,0,0,0,0,0,0,0,0,0,0,0
2015-01-01T00:00:00Z,2.17,2.17,2.17,2.17,2.17,2.17,2.17,2.17,2.17,0,0,0,0,0,0,0,0,0,0,0,0,0,0,0,0,0,0
2015-02-01T00:00:00Z,1.77,1.77,1.77,1.77,1.77,1.77,1.77,1.77,1.77,0,0,0,0,0,0,0,0,0,0,0,0,0,0,0,0,0,0
2015-03-01T00:00:00Z,9.81,9.81,9.81,9.81,9.81,9.81,9.81,9.81,9.81,0,0,0,0,0,0,0,0,0,0,0,0,0,0,0,0,0,0
2015-04-01T00:00:00Z,14.37,14.37,14.37,14.37,14.37,14.37,14.37,14.37,14.37,0,0,0,0,0,0,0,0,0,0,0,0,0,0,0,0,0,0
2015-05-01T00:00:00Z,15.73,15.73,15.73,15.73,15.73,15.73,15.73,15.73,15.73,0,0,0,0,0,0,0,0,0,0,0,0,0,0,0,0,0,0
2015-06-01T00:00:00Z,19.28,19.28,19.28,19.28,19.28,19.28,19.28,19.28,19.28,0,0,0,0,0,0,0,0,0,0,0,0,0,0,0,0,0,0
2015-07-01T00:00:00Z,20.04,20.04,20.04,20.04,20.04,20.04,20.04,20.04,20.04,0,0,0,0,0,0,0,0,0,0,0,0,0,0,0,0,0,0
2015-08-01T00:00:00Z,21.42,21.42,21.42,21.42,21.42,21.42,21.42,21.42,21.42,0,0,0,0,0,0,0,0,0,0,0,0,0,0,0,0,0,0
2015-09-01T00:00:00Z,19.16,19.16,19.16,19.16,19.16,19.16,19.16,19.16,19.16,0,0,0,0,0,0,0,0,0,0,0,0,0,0,0,0,0,0
2015-10-01T00:00:00Z,13.48,13.48,13.48,13.48,13.48,13.48,13.48,13.48,13.48,0,0,0,0,0,0,0,0,0,0,0,0,0,0,0,0,0,0
2015-11-01T00:00:00Z,11.55,11.55,11.55,11.55,11.55,11.55,11.55,11.55,11.55,0,0,0,0,0,0,0,0,0,0,0,0,0,0,0,0,0,0
2015-12-01T00:00:00Z,9.06,9.06,9.06,9.06,9.06,9.06,9.06,9.06,9.06,0,0,0,0,0,0,0,0,0,0,0,0,0,0,0,0,0,0
#precip,,,,,,,,,,,,,,,,,,,,,,,,,,,
,eco1,eco2,eco3,eco4,eco5,eco6,eco7,eco8,eco9,eco1,eco2,eco3,eco4,eco5,eco6,eco7,eco8,eco9,eco1,eco2,eco3,eco4,eco5,eco6,eco7,eco8,eco9
TIMESTEP,PRCP_MM,PRCP_MM,PRCP_MM,PRCP_MM,PRCP_MM,PRCP_MM,PRCP_MM,PRCP_MM,PRCP_MM,VAR,VAR,VAR,VAR,VAR,VAR,VAR,VAR,VAR,STDEV,STDEV,STDEV,STDEV,STDEV,STDEV,STDEV,STDEV,STDEV
2000-01-01T00:00:00Z,73.91,73.91,73.91,73.91,73.91,73.91,73.91,73.91,73.91,0,0,0,0,0,0,0,0,0,0,0,0,0,0,0,0,0,0
2000-02-01T00:00:00Z,71.63,71.63,71.63,71.63,71.63,71.63,71.63,71.63,71.63,0,0,0,0,0,0,0,0,0,0,0,0,0,0,0,0,0,0
2000-03-01T00:00:00Z,98.81,98.81,98.81,98.81,98.81,98.81,98.81,98.81,98.81,0,0,0,0,0,0,0,0,0,0,0,0,0,0,0,0,0,0
2000-04-01T00:00:00Z,20.57,20.57,20.57,20.57,20.57,20.57,20.57,20.57,20.57,0,0,0,0,0,0,0,0,0,0,0,0,0,0,0,0,0,0
2000-05-01T00:00:00Z,5.33,5.33,5.33,5.33,5.33,5.33,5.33,5.33,5.33,0,0,0,0,0,0,0,0,0,0,0,0,0,0,0,0,0,0
2000-06-01T00:00:00Z,112.78,112.78,112.78,112.78,112.78,112.78,112.78,112.78,112.78,0,0,0,0,0,0,0,0,0,0,0,0,0,0,0,0,0,0
2000-07-01T00:00:00Z,225.3,225.3,225.3,225.3,225.3,225.3,225.3,225.3,225.3,0,0,0,0,0,0,0,0,0,0,0,0,0,0,0,0,0,0
2000-08-01T00:00:00Z,64.52,64.52,64.52,64.52,64.52,64.52,64.52,64.52,64.52,0,0,0,0,0,0,0,0,0,0,0,0,0,0,0,0,0,0
2000-09-01T00:00:00Z,268.48,268.48,268.48,268.48,268.48,268.48,268.48,268.48,268.48,0,0,0,0,0,0,0,0,0,0,0,0,0,0,0,0,0,0
2000-10-01T00:00:00Z,36.32,36.32,36.32,36.32,36.32,36.32,36.32,36.32,36.32,0,0,0,0,0,0,0,0,0,0,0,0,0,0,0,0,0,0
2000-11-01T00:00:00Z,163.07,163.07,163.07,163.07,163.07,163.07,163.07,163.07,163.07,0,0,0,0,0,0,0,0,0,0,0,0,0,0,0,0,0,0
2000-12-01T00:00:00Z,91.44,91.44,91.44,91.44,91.44,91.44,91.44,91.44,91.44,0,0,0,0,0,0,0,0,0,0,0,0,0,0,0,0,0,0
2001-01-01T00:00:00Z,71.37,71.37,71.37,71.37,71.37,71.37,71.37,71.37,71.37,0,0,0,0,0,0,0,0,0,0,0,0,0,0,0,0,0,0
2001-02-01T00:00:00Z,18.03,18.03,18.03,18.03,18.03,18.03,18.03,18.03,18.03,0,0,0,0,0,0,0,0,0,0,0,0,0,0,0,0,0,0
2001-03-01T00:00:00Z,352.3,352.3,352.3,352.3,352.3,352.3,352.3,352.3,352.3,0,0,0,0,0,0,0,0,0,0,0,0,0,0,0,0,0,0
2001-04-01T00:00:00Z,97.28,97.28,97.28,97.28,97.28,97.28,97.28,97.28,97.28,0,0,0,0,0,0,0,0,0,0,0,0,0,0,0,0,0,0
2001-05-01T00:00:00Z,51.31,51.31,51.31,51.31,51.31,51.31,51.31,51.31,51.31,0,0,0,0,0,0,0,0,0,0,0,0,0,0,0,0,0,0
2001-06-01T00:00:00Z,234.95,234.95,234.95,234.95,234.95,234.95,234.95,234.95,234.95,0,0,0,0,0,0,0,0,0,0,0,0,0,0,0,0,0,0
2001-07-01T00:00:00Z,68.07,68.07,68.07,68.07,68.07,68.07,68.07,68.07,68.07,0,0,0,0,0,0,0,0,0,0,0,0,0,0,0,0,0,0
2001-08-01T00:00:00Z,54.36,54.36,54.36,54.36,54.36,54.36,54.36,54.36,54.36,0,0,0,0,0,0,0,0,0,0,0,0,0,0,0,0,0,0
2001-09-01T00:00:00Z,181.61,181.61,181.61,181.61,181.61,181.61,181.61,181.61,181.61,0,0,0,0,0,0,0,0,0,0,0,0,0,0,0,0,0,0
2001-10-01T00:00:00Z,27.69,27.69,27.69,27.69,27.69,27.69,27.69,27.69,27.69,0,0,0,0,0,0,0,0,0,0,0,0,0,0,0,0,0,0
2001-11-01T00:00:00Z,74.42,74.42,74.42,74.42,74.42,74.42,74.42,74.42,74.42,0,0,0,0,0,0,0,0,0,0,0,0,0,0,0,0,0,0
2001-12-01T00:00:00Z,26.16,26.16,26.16,26.16,26.16,26.16,26.16,26.16,26.16,0,0,0,0,0,0,0,0,0,0,0,0,0,0,0,0,0,0
2002-01-01T00:00:00Z,87.88,87.88,87.88,87.88,87.88,87.88,87.88,87.88,87.88,0,0,0,0,0,0,0,0,0,0,0,0,0,0,0,0,0,0
2002-02-01T00:00:00Z,52.32,52.32,52.32,52.32,52.32,52.32,52.32,52.32,52.32,0,0,0,0,0,0,0,0,0,0,0,0,0,0,0,0,0,0
2002-03-01T00:00:00Z,224.28,224.28,224.28,224.28,224.28,224.28,224.28,224.28,224.28,0,0,0,0,0,0,0,0,0,0,0,0,0,0,0,0,0,0
2002-04-01T00:00:00Z,43.94,43.94,43.94,43.94,43.94,43.94,43.94,43.94,43.94,0,0,0,0,0,0,0,0,0,0,0,0,0,0,0,0,0,0
2002-05-01T00:00:00Z,37.34,37.34,37.34,37.34,37.34,37.34,37.34,37.34,37.34,0,0,0,0,0,0,0,0,0,0,0,0,0,0,0,0,0,0
2002-06-01T00:00:00Z,96.77,96.77,96.77,96.77,96.77,96.77,96.77,96.77,96.77,0,0,0,0,0,0,0,0,0,0,0,0,0,0,0,0,0,0
2002-07-01T00:00:00Z,276.1,276.1,276.1,276.1,276.1,276.1,276.1,276.1,276.1,0,0,0,0,0,0,0,0,0,0,0,0,0,0,0,0,0,0
2002-08-01T00:00:00Z,123.7,123.7,123.7,123.7,123.7,123.7,123.7,123.7,123.7,0,0,0,0,0,0,0,0,0,0,0,0,0,0,0,0,0,0
2002-09-01T00:00:00Z,200.91,200.91,200.91,200.91,200.91,200.91,200.91,200.91,200.91,0,0,0,0,0,0,0,0,0,0,0,0,0,0,0,0,0,0
2002-10-01T00:00:00Z,110.24,110.24,110.24,110.24,110.24,110.24,110.24,110.24,110.24,0,0,0,0,0,0,0,0,0,0,0,0,0,0,0,0,0,0
2002-11-01T00:00:00Z,166.62,166.62,166.62,166.62,166.62,166.62,166.62,166.62,166.62,0,0,0,0,0,0,0,0,0,0,0,0,0,0,0,0,0,0
2002-12-01T00:00:00Z,127.76,127.76,127.76,127.76,127.76,127.76,127.76,127.76,127.76,0,0,0,0,0,0,0,0,0,0,0,0,0,0,0,0,0,0
2003-01-01T00:00:00Z,5.08,5.08,5.08,5.08,5.08,5.08,5.08,5.08,5.08,0,0,0,0,0,0,0,0,0,0,0,0,0,0,0,0,0,0
2003-02-01T00:00:00Z,128.02,128.02,128.02,128.02,128.02,128.02,128.02,128.02,128.02,0,0,0,0,0,0,0,0,0,0,0,0,0,0,0,0,0,0
2003-03-01T00:00:00Z,200.66,200.66,200.66,200.66,200.66,200.66,200.66,200.66,200.66,0,0,0,0,0,0,0,0,0,0,0,0,0,0,0,0,0,0
2003-04-01T00:00:00Z,151.64,151.64,151.64,151.64,151.64,151.64,151.64,151.64,151.64,0,0,0,0,0,0,0,0,0,0,0,0,0,0,0,0,0,0
2003-05-01T00:00:00Z,65.02,65.02,65.02,65.02,65.02,65.02,65.02,65.02,65.02,0,0,0,0,0,0,0,0,0,0,0,0,0,0,0,0,0,0
2003-06-01T00:00:00Z,149.86,149.86,149.86,149.86,149.86,149.86,149.86,149.86,149.86,0,0,0,0,0,0,0,0,0,0,0,0,0,0,0,0,0,0
2003-07-01T00:00:00Z,178.05,178.05,178.05,178.05,178.05,178.05,178.05,178.05,178.05,0,0,0,0,0,0,0,0,0,0,0,0,0,0,0,0,0,0
2003-08-01T00:00:00Z,184.15,184.15,184.15,184.15,184.15,184.15,184.15,184.15,184.15,0,0,0,0,0,0,0,0,0,0,0,0,0,0,0,0,0,0
2003-09-01T00:00:00Z,54.86,54.86,54.86,54.86,54.86,54.86,54.86,54.86,54.86,0,0,0,0,0,0,0,0,0,0,0,0,0,0,0,0,0,0
2003-10-01T00:00:00Z,78.23,78.23,78.23,78.23,78.23,78.23,78.23,78.23,78.23,0,0,0,0,0,0,0,0,0,0,0,0,0,0,0,0,0,0
2003-11-01T00:00:00Z,49.53,49.53,49.53,49.53,49.53,49.53,49.53,49.53,49.53,0,0,0,0,0,0,0,0,0,0,0,0,0,0,0,0,0,0
2003-12-01T00:00:00Z,50.55,50.55,50.55,50.55,50.55,50.55,50.55,50.55,50.55,0,0,0,0,0,0,0,0,0,0,0,0,0,0,0,0,0,0
2004-01-01T00:00:00Z,92.71,92.71,92.71,92.71,92.71,92.71,92.71,92.71,92.71,0,0,0,0,0,0,0,0,0,0,0,0,0,0,0,0,0,0
2004-02-01T00:00:00Z,160.78,160.78,160.78,160.78,160.78,160.78,160.78,160.78,160.78,0,0,0,0,0,0,0,0,0,0,0,0,0,0,0,0,0,0
2004-03-01T00:00:00Z,23.62,23.62,23.62,23.62,23.62,23.62,23.62,23.62,23.62,0,0,0,0,0,0,0,0,0,0,0,0,0,0,0,0,0,0
2004-04-01T00:00:00Z,96.27,96.27,96.27,96.27,96.27,96.27,96.27,96.27,96.27,0,0,0,0,0,0,0,0,0,0,0,0,0,0,0,0,0,0
2004-05-01T00:00:00Z,16.76,16.76,16.76,16.76,16.76,16.76,16.76,16.76,16.76,0,0,0,0,0,0,0,0,0,0,0,0,0,0,0,0,0,0
2004-06-01T00:00:00Z,154.18,154.18,154.18,154.18,154.18,154.18,154.18,154.18,154.18,0,0,0,0,0,0,0,0,0,0,0,0,0,0,0,0,0,0
2004-07-01T00:00:00Z,92.96,92.96,92.96,92.96,92.96,92.96,92.96,92.96,92.96,0,0,0,0,0,0,0,0,0,0,0,0,0,0,0,0,0,0
2004-08-01T00:00:00Z,105.16,105.16,105.16,105.16,105.16,105.16,105.16,105.16,105.16,0,0,0,0,0,0,0,0,0,0,0,0,0,0,0,0,0,0
2004-09-01T00:00:00Z,186.44,186.44,186.44,186.44,186.44,186.44,186.44,186.44,186.44,0,0,0,0,0,0,0,0,0,0,0,0,0,0,0,0,0,0
2004-10-01T00:00:00Z,48.26,48.26,48.26,48.26,48.26,48.26,48.26,48.26,48.26,0,0,0,0,0,0,0,0,0,0,0,0,0,0,0,0,0,0
2004-11-01T00:00:00Z,118.62,118.62,118.62,118.62,118.62,118.62,118.62,118.62,118.62,0,0,0,0,0,0,0,0,0,0,0,0,0,0,0,0,0,0
2004-12-01T00:00:00Z,90.68,90.68,90.68,90.68,90.68,90.68,90.68,90.68,90.68,0,0,0,0,0,0,0,0,0,0,0,0,0,0,0,0,0,0
2005-01-01T00:00:00Z,56.9,56.9,56.9,56.9,56.9,56.9,56.9,56.9,56.9,0,0,0,0,0,0,0,0,0,0,0,0,0,0,0,0,0,0
2005-02-01T00:00:00Z,67.31,67.31,67.31,67.31,67.31,67.31,67.31,67.31,67.31,0,0,0,0,0,0,0,0,0,0,0,0,0,0,0,0,0,0
2005-03-01T00:00:00Z,252.98,252.98,252.98,252.98,252.98,252.98,252.98,252.98,252.98,0,0,0,0,0,0,0,0,0,0,0,0,0,0,0,0,0,0
2005-04-01T00:00:00Z,223.01,223.01,223.01,223.01,223.01,223.01,223.01,223.01,223.01,0,0,0,0,0,0,0,0,0,0,0,0,0,0,0,0,0,0
2005-05-01T00:00:00Z,78.49,78.49,78.49,78.49,78.49,78.49,78.49,78.49,78.49,0,0,0,0,0,0,0,0,0,0,0,0,0,0,0,0,0,0
2005-06-01T00:00:00Z,180.85,180.85,180.85,180.85,180.85,180.85,180.85,180.85,180.85,0,0,0,0,0,0,0,0,0,0,0,0,0,0,0,0,0,0
2005-07-01T00:00:00Z,219.96,219.96,219.96,219.96,219.96,219.96,219.96,219.96,219.96,0,0,0,0,0,0,0,0,0,0,0,0,0,0,0,0,0,0
2005-08-01T00:00:00Z,175.26,175.26,175.26,175.26,175.26,175.26,175.26,175.26,175.26,0,0,0,0,0,0,0,0,0,0,0,0,0,0,0,0,0,0
2005-09-01T00:00:00Z,12.7,12.7,12.7,12.7,12.7,12.7,12.7,12.7,12.7,0,0,0,0,0,0,0,0,0,0,0,0,0,0,0,0,0,0
2005-10-01T00:00:00Z,27.43,27.43,27.43,27.43,27.43,27.43,27.43,27.43,27.43,0,0,0,0,0,0,0,0,0,0,0,0,0,0,0,0,0,0
2005-11-01T00:00:00Z,75.44,75.44,75.44,75.44,75.44,75.44,75.44,75.44,75.44,0,0,0,0,0,0,0,0,0,0,0,0,0,0,0,0,0,0
2005-12-01T00:00:00Z,142.24,142.24,142.24,142.24,142.24,142.24,142.24,142.24,142.24,0,0,0,0,0,0,0,0,0,0,0,0,0,0,0,0,0,0
2006-01-01T00:00:00Z,181.61,181.61,181.61,181.61,181.61,181.61,181.61,181.61,181.61,0,0,0,0,0,0,0,0,0,0,0,0,0,0,0,0,0,0
2006-02-01T00:00:00Z,106.17,106.17,106.17,106.17,106.17,106.17,106.17,106.17,106.17,0,0,0,0,0,0,0,0,0,0,0,0,0,0,0,0,0,0
2006-03-01T00:00:00Z,3.05,3.05,3.05,3.05,3.05,3.05,3.05,3.05,3.05,0,0,0,0,0,0,0,0,0,0,0,0,0,0,0,0,0,0
2006-04-01T00:00:00Z,49.28,49.28,49.28,49.28,49.28,49.28,49.28,49.28,49.28,0,0,0,0,0,0,0,0,0,0,0,0,0,0,0,0,0,0
2006-05-01T00:00:00Z,166.12,166.12,166.12,166.12,166.12,166.12,166.12,166.12,166.12,0,0,0,0,0,0,0,0,0,0,0,0,0,0,0,0,0,0
2006-06-01T00:00:00Z,112.78,112.78,112.78,112.78,112.78,112.78,112.78,112.78,112.78,0,0,0,0,0,0,0,0,0,0,0,0,0,0,0,0,0,0
2006-07-01T00:00:00Z,55.12,55.12,55.12,55.12,55.12,55.12,55.12,55.12,55.12,0,0,0,0,0,0,0,0,0,0,0,0,0,0,0,0,0,0
2006-08-01T00:00:00Z,165.35,165.35,165.35,165.35,165.35,165.35,165.35,165.35,165.35,0,0,0,0,0,0,0,0,0,0,0,0,0,0,0,0,0,0
2006-09-01T00:00:00Z,121.16,121.16,121.16,121.16,121.16,121.16,121.16,121.16,121.16,0,0,0,0,0,0,0,0,0,0,0,0,0,0,0,0,0,0
2006-10-01T00:00:00Z,91.19,91.19,91.19,91.19,91.19,91.19,91.19,91.19,91.19,0,0,0,0,0,0,0,0,0,0,0,0,0,0,0,0,0,0
2006-11-01T00:00:00Z,104.39,104.39,104.39,104.39,104.39,104.39,104.39,104.39,104.39,0,0,0,0,0,0,0,0,0,0,0,0,0,0,0,0,0,0
2006-12-01T00:00:00Z,113.03,113.03,113.03,113.03,113.03,113.03,113.03,113.03,113.03,0,0,0,0,0,0,0,0,0,0,0,0,0,0,0,0,0,0
2007-01-01T00:00:00Z,126.75,126.75,126.75,126.75,126.75,126.75,126.75,126.75,126.75,0,0,0,0,0,0,0,0,0,0,0,0,0,0,0,0,0,0
2007-02-01T00:00:00Z,88.65,88.65,88.65,88.65,88.65,88.65,88.65,88.65,88.65,0,0,0,0,0,0,0,0,0,0,0,0,0,0,0,0,0,0
2007-03-01T00:00:00Z,38.61,38.61,38.61,38.61,38.61,38.61,38.61,38.61,38.61,0,0,0,0,0,0,0,0,0,0,0,0,0,0,0,0,0,0
2007-04-01T00:00:00Z,65.28,65.28,65.28,65.28,65.28,65.28,65.28,65.28,65.28,0,0,0,0,0,0,0,0,0,0,0,0,0,0,0,0,0,0
2007-05-01T00:00:00Z,0,0,0,0,0,0,0,0,0,0,0,0,0,0,0,0,0,0,0,0,0,0,0,0,0,0,0
2007-06-01T00:00:00Z,50.8,50.8,50.8,50.8,50.8,50.8,50.8,50.8,50.8,0,0,0,0,0,0,0,0,0,0,0,0,0,0,0,0,0,0
2007-07-01T00:00:00Z,43.18,43.18,43.18,43.18,43.18,43.18,43.18,43.18,43.18,0,0,0,0,0,0,0,0,0,0,0,0,0,0,0,0,0,0
2007-08-01T00:00:00Z,226.57,226.57,226.57,226.57,226.57,226.57,226.57,226.57,226.57,0,0,0,0,0,0,0,0,0,0,0,0,0,0,0,0,0,0
2007-09-01T00:00:00Z,24.38,24.38,24.38,24.38,24.38,24.38,24.38,24.38,24.38,0,0,0,0,0,0,0,0,0,0,0,0,0,0,0,0,0,0
2007-10-01T00:00:00Z,100.58,100.58,100.58,100.58,100.58,100.58,100.58,100.58,100.58,0,0,0,0,0,0,0,0,0,0,0,0,0,0,0,0,0,0
2007-11-01T00:00:00Z,45.47,45.47,45.47,45.47,45.47,45.47,45.47,45.47,45.47,0,0,0,0,0,0,0,0,0,0,0,0,0,0,0,0,0,0
2007-12-01T00:00:00Z,149.1,149.1,149.1,149.1,149.1,149.1,149.1,149.1,149.1,0,0,0,0,0,0,0,0,0,0,0,0,0,0,0,0,0,0
2008-01-01T00:00:00Z,85.85,85.85,85.85,85.85,85.85,85.85,85.85,85.85,85.85,0,0,0,0,0,0,0,0,0,0,0,0,0,0,0,0,0,0
2008-02-01T00:00:00Z,181.61,181.61,181.61,181.61,181.61,181.61,181.61,181.61,181.61,0,0,0,0,0,0,0,0,0,0,0,0,0,0,0,0,0,0
2008-03-01T00:00:00Z,73.91,73.91,73.91,73.91,73.91,73.91,73.91,73.91,73.91,0,0,0,0,0,0,0,0,0,0,0,0,0,0,0,0,0,0
2008-04-01T00:00:00Z,55.88,55.88,55.88,55.88,55.88,55.88,55.88,55.88,55.88,0,0,0,0,0,0,0,0,0,0,0,0,0,0,0,0,0,0
2008-05-01T00:00:00Z,19.56,19.56,19.56,19.56,19.56,19.56,19.56,19.56,19.56,0,0,0,0,0,0,0,0,0,0,0,0,0,0,0,0,0,0
2008-06-01T00:00:00Z,64.52,64.52,64.52,64.52,64.52,64.52,64.52,64.52,64.52,0,0,0,0,0,0,0,0,0,0,0,0,0,0,0,0,0,0
2008-07-01T00:00:00Z,97.54,97.54,97.54,97.54,97.54,97.54,97.54,97.54,97.54,0,0,0,0,0,0,0,0,0,0,0,0,0,0,0,0,0,0
2008-08-01T00:00:00Z,406.15,406.15,406.15,406.15,406.15,406.15,406.15,406.15,406.15,0,0,0,0,0,0,0,0,0,0,0,0,0,0,0,0,0,0
2008-09-01T00:00:00Z,1.02,1.02,1.02,1.02,1.02,1.02,1.02,1.02,1.02,0,0,0,0,0,0,0,0,0,0,0,0,0,0,0,0,0,0
2008-10-01T00:00:00Z,112.27,112.27,112.27,112.27,112.27,112.27,112.27,112.27,112.27,0,0,0,0,0,0,0,0,0,0,0,0,0,0,0,0,0,0
2008-11-01T00:00:00Z,72.64,72.64,72.64,72.64,72.64,72.64,72.64,72.64,72.64,0,0,0,0,0,0,0,0,0,0,0,0,0,0,0,0,0,0
2008-12-01T00:00:00Z,141.99,141.99,141.99,141.99,141.99,141.99,141.99,141.99,141.99,0,0,0,0,0,0,0,0,0,0,0,0,0,0,0,0,0,0
2009-01-01T00:00:00Z,45.97,45.97,45.97,45.97,45.97,45.97,45.97,45.97,45.97,0,0,0,0,0,0,0,0,0,0,0,0,0,0,0,0,0,0
2009-02-01T00:00:00Z,100.33,100.33,100.33,100.33,100.33,100.33,100.33,100.33,100.33,0,0,0,0,0,0,0,0,0,0,0,0,0,0,0,0,0,0
2009-03-01T00:00:00Z,298.45,298.45,298.45,298.45,298.45,298.45,298.45,298.45,298.45,0,0,0,0,0,0,0,0,0,0,0,0,0,0,0,0,0,0
2009-04-01T00:00:00Z,182.12,182.12,182.12,182.12,182.12,182.12,182.12,182.12,182.12,0,0,0,0,0,0,0,0,0,0,0,0,0,0,0,0,0,0
2009-05-01T00:00:00Z,86.36,86.36,86.36,86.36,86.36,86.36,86.36,86.36,86.36,0,0,0,0,0,0,0,0,0,0,0,0,0,0,0,0,0,0
2009-06-01T00:00:00Z,94.74,94.74,94.74,94.74,94.74,94.74,94.74,94.74,94.74,0,0,0,0,0,0,0,0,0,0,0,0,0,0,0,0,0,0
2009-07-01T00:00:00Z,128.78,128.78,128.78,128.78,128.78,128.78,128.78,128.78,128.78,0,0,0,0,0,0,0,0,0,0,0,0,0,0,0,0,0,0
2009-08-01T00:00:00Z,179.32,179.32,179.32,179.32,179.32,179.32,179.32,179.32,179.32,0,0,0,0,0,0,0,0,0,0,0,0,0,0,0,0,0,0
2009-09-01T00:00:00Z,103.12,103.12,103.12,103.12,103.12,103.12,103.12,103.12,103.12,0,0,0,0,0,0,0,0,0,0,0,0,0,0,0,0,0,0
2009-10-01T00:00:00Z,110.49,110.49,110.49,110.49,110.49,110.49,110.49,110.49,110.49,0,0,0,0,0,0,0,0,0,0,0,0,0,0,0,0,0,0
2009-11-01T00:00:00Z,55.37,55.37,55.37,55.37,55.37,55.37,55.37,55.37,55.37,0,0,0,0,0,0,0,0,0,0,0,0,0,0,0,0,0,0
2009-12-01T00:00:00Z,220.22,220.22,220.22,220.22,220.22,220.22,220.22,220.22,220.22,0,0,0,0,0,0,0,0,0,0,0,0,0,0,0,0,0,0
2010-01-01T00:00:00Z,197.36,197.36,197.36,197.36,197.36,197.36,197.36,197.36,197.36,0,0,0,0,0,0,0,0,0,0,0,0,0,0,0,0,0,0
2010-02-01T00:00:00Z,89.66,89.66,89.66,89.66,89.66,89.66,89.66,89.66,89.66,0,0,0,0,0,0,0,0,0,0,0,0,0,0,0,0,0,0
2010-03-01T00:00:00Z,80.52,80.52,80.52,80.52,80.52,80.52,80.52,80.52,80.52,0,0,0,0,0,0,0,0,0,0,0,0,0,0,0,0,0,0
2010-04-01T00:00:00Z,99.82,99.82,99.82,99.82,99.82,99.82,99.82,99.82,99.82,0,0,0,0,0,0,0,0,0,0,0,0,0,0,0,0,0,0
2010-05-01T00:00:00Z,84.84,84.84,84.84,84.84,84.84,84.84,84.84,84.84,84.84,0,0,0,0,0,0,0,0,0,0,0,0,0,0,0,0,0,0
2010-06-01T00:00:00Z,151.89,151.89,151.89,151.89,151.89,151.89,151.89,151.89,151.89,0,0,0,0,0,0,0,0,0,0,0,0,0,0,0,0,0,0
2010-07-01T00:00:00Z,44.45,44.45,44.45,44.45,44.45,44.45,44.45,44.45,44.45,0,0,0,0,0,0,0,0,0,0,0,0,0,0,0,0,0,0
2010-08-01T00:00:00Z,134.11,134.11,134.11,134.11,134.11,134.11,134.11,134.11,134.11,0,0,0,0,0,0,0,0,0,0,0,0,0,0,0,0,0,0
2010-09-01T00:00:00Z,34.8,34.8,34.8,34.8,34.8,34.8,34.8,34.8,34.8,0,0,0,0,0,0,0,0,0,0,0,0,0,0,0,0,0,0
2010-10-01T00:00:00Z,6.1,6.1,6.1,6.1,6.1,6.1,6.1,6.1,6.1,0,0,0,0,0,0,0,0,0,0,0,0,0,0,0,0,0,0
2010-11-01T00:00:00Z,122.17,122.17,122.17,122.17,122.17,122.17,122.17,122.17,122.17,0,0,0,0,0,0,0,0,0,0,0,0,0,0,0,0,0,0
2010-12-01T00:00:00Z,16.51,16.51,16.51,16.51,16.51,16.51,16.51,16.51,16.51,0,0,0,0,0,0,0,0,0,0,0,0,0,0,0,0,0,0
2011-01-01T00:00:00Z,112.78,112.78,112.78,112.78,112.78,112.78,112.78,112.78,112.78,0,0,0,0,0,0,0,0,0,0,0,0,0,0,0,0,0,0
2011-02-01T00:00:00Z,126.75,126.75,126.75,126.75,126.75,126.75,126.75,126.75,126.75,0,0,0,0,0,0,0,0,0,0,0,0,0,0,0,0,0,0
2011-03-01T00:00:00Z,121.16,121.16,121.16,121.16,121.16,121.16,121.16,121.16,121.16,0,0,0,0,0,0,0,0,0,0,0,0,0,0,0,0,0,0
2011-04-01T00:00:00Z,50.55,50.55,50.55,50.55,50.55,50.55,50.55,50.55,50.55,0,0,0,0,0,0,0,0,0,0,0,0,0,0,0,0,0,0
2011-05-01T00:00:00Z,17.27,17.27,17.27,17.27,17.27,17.27,17.27,17.27,17.27,0,0,0,0,0,0,0,0,0,0,0,0,0,0,0,0,0,0
2011-06-01T00:00:00Z,87.63,87.63,87.63,87.63,87.63,87.63,87.63,87.63,87.63,0,0,0,0,0,0,0,0,0,0,0,0,0,0,0,0,0,0
2011-07-01T00:00:00Z,127.76,127.76,127.76,127.76,127.76,127.76,127.76,127.76,127.76,0,0,0,0,0,0,0,0,0,0,0,0,0,0,0,0,0,0
2011-08-01T00:00:00Z,55.37,55.37,55.37,55.37,55.37,55.37,55.37,55.37,55.37,0,0,0,0,0,0,0,0,0,0,0,0,0,0,0,0,0,0
2011-09-01T00:00:00Z,76.2,76.2,76.2,76.2,76.2,76.2,76.2,76.2,76.2,0,0,0,0,0,0,0,0,0,0,0,0,0,0,0,0,0,0
2011-10-01T00:00:00Z,52.58,52.58,52.58,52.58,52.58,52.58,52.58,52.58,52.58,0,0,0,0,0,0,0,0,0,0,0,0,0,0,0,0,0,0
2011-11-01T00:00:00Z,39.88,39.88,39.88,39.88,39.88,39.88,39.88,39.88,39.88,0,0,0,0,0,0,0,0,0,0,0,0,0,0,0,0,0,0
2011-12-01T00:00:00Z,59.44,59.44,59.44,59.44,59.44,59.44,59.44,59.44,59.44,0,0,0,0,0,0,0,0,0,0,0,0,0,0,0,0,0,0
2012-01-01T00:00:00Z,72.64,72.64,72.64,72.64,72.64,72.64,72.64,72.64,72.64,0,0,0,0,0,0,0,0,0,0,0,0,0,0,0,0,0,0
2012-02-01T00:00:00Z,87.38,87.38,87.38,87.38,87.38,87.38,87.38,87.38,87.38,0,0,0,0,0,0,0,0,0,0,0,0,0,0,0,0,0,0
2012-03-01T00:00:00Z,110.74,110.74,110.74,110.74,110.74,110.74,110.74,110.74,110.74,0,0,0,0,0,0,0,0,0,0,0,0,0,0,0,0,0,0
2012-04-01T00:00:00Z,88.39,88.39,88.39,88.39,88.39,88.39,88.39,88.39,88.39,0,0,0,0,0,0,0,0,0,0,0,0,0,0,0,0,0,0
2012-05-01T00:00:00Z,89.92,89.92,89.92,89.92,89.92,89.92,89.92,89.92,89.92,0,0,0,0,0,0,0,0,0,0,0,0,0,0,0,0,0,0
2012-06-01T00:00:00Z,95,95,95,95,95,95,95,95,95,0,0,0,0,0,0,0,0,0,0,0,0,0,0,0,0,0,0
2012-07-01T00:00:00Z,90.17,90.17,90.17,90.17,90.17,90.17,90.17,90.17,90.17,0,0,0,0,0,0,0,0,0,0,0,0,0,0,0,0,0,0
2012-08-01T00:00:00Z,123.44,123.44,123.44,123.44,123.44,123.44,123.44,123.44,123.44,0,0,0,0,0,0,0,0,0,0,0,0,0,0,0,0,0,0
2012-09-01T00:00:00Z,86.11,86.11,86.11,86.11,86.11,86.11,86.11,86.11,86.11,0,0,0,0,0,0,0,0,0,0,0,0,0,0,0,0,0,0
2012-10-01T00:00:00Z,22.86,22.86,22.86,22.86,22.86,22.86,22.86,22.86,22.86,0,0,0,0,0,0,0,0,0,0,0,0,0,0,0,0,0,0
2012-11-01T00:00:00Z,34.29,34.29,34.29,34.29,34.29,34.29,34.29,34.29,34.29,0,0,0,0,0,0,0,0,0,0,0,0,0,0,0,0,0,0
2012-12-01T00:00:00Z,97.28,97.28,97.28,97.28,97.28,97.28,97.28,97.28,97.28,0,0,0,0,0,0,0,0,0,0,0,0,0,0,0,0,0,0
2013-01-01T00:00:00Z,51.82,51.82,51.82,51.82,51.82,51.82,51.82,51.82,51.82,0,0,0,0,0,0,0,0,0,0,0,0,0,0,0,0,0,0
2013-02-01T00:00:00Z,384.05,384.05,384.05,384.05,384.05,384.05,384.05,384.05,384.05,0,0,0,0,0,0,0,0,0,0,0,0,0,0,0,0,0,0
2013-03-01T00:00:00Z,79.5,79.5,79.5,79.5,79.5,79.5,79.5,79.5,79.5,0,0,0,0,0,0,0,0,0,0,0,0,0,0,0,0,0,0
2013-04-01T00:00:00Z,78.49,78.49,78.49,78.49,78.49,78.49,78.49,78.49,78.49,0,0,0,0,0,0,0,0,0,0,0,0,0,0,0,0,0,0
2013-05-01T00:00:00Z,18.29,18.29,18.29,18.29,18.29,18.29,18.29,18.29,18.29,0,0,0,0,0,0,0,0,0,0,0,0,0,0,0,0,0,0
2013-06-01T00:00:00Z,201.42,201.42,201.42,201.42,201.42,201.42,201.42,201.42,201.42,0,0,0,0,0,0,0,0,0,0,0,0,0,0,0,0,0,0
2013-07-01T00:00:00Z,222,222,222,222,222,222,222,222,222,0,0,0,0,0,0,0,0,0,0,0,0,0,0,0,0,0,0
2013-08-01T00:00:00Z,282.19,282.19,282.19,282.19,282.19,282.19,282.19,282.19,282.19,0,0,0,0,0,0,0,0,0,0,0,0,0,0,0,0,0,0
2013-09-01T00:00:00Z,27.69,27.69,27.69,27.69,27.69,27.69,27.69,27.69,27.69,0,0,0,0,0,0,0,0,0,0,0,0,0,0,0,0,0,0
2013-10-01T00:00:00Z,13.72,13.72,13.72,13.72,13.72,13.72,13.72,13.72,13.72,0,0,0,0,0,0,0,0,0,0,0,0,0,0,0,0,0,0
2013-11-01T00:00:00Z,95.76,95.76,95.76,95.76,95.76,95.76,95.76,95.76,95.76,0,0,0,0,0,0,0,0,0,0,0,0,0,0,0,0,0,0
2013-12-01T00:00:00Z,110.24,110.24,110.24,110.24,110.24,110.24,110.24,110.24,110.24,0,0,0,0,0,0,0,0,0,0,0,0,0,0,0,0,0,0
2014-01-01T00:00:00Z,51.05,51.05,51.05,51.05,51.05,51.05,51.05,51.05,51.05,0,0,0,0,0,0,0,0,0,0,0,0,0,0,0,0,0,0
2014-02-01T00:00:00Z,158.75,158.75,158.75,158.75,158.75,158.75,158.75,158.75,158.75,0,0,0,0,0,0,0,0,0,0,0,0,0,0,0,0,0,0
2014-03-01T00:00:00Z,178.31,178.31,178.31,178.31,178.31,178.31,178.31,178.31,178.31,0,0,0,0,0,0,0,0,0,0,0,0,0,0,0,0,0,0
2014-04-01T00:00:00Z,289.81,289.81,289.81,289.81,289.81,289.81,289.81,289.81,289.81,0,0,0,0,0,0,0,0,0,0,0,0,0,0,0,0,0,0
2014-05-01T00:00:00Z,112.27,112.27,112.27,112.27,112.27,112.27,112.27,112.27,112.27,0,0,0,0,0,0,0,0,0,0,0,0,0,0,0,0,0,0
2014-06-01T00:00:00Z,142.24,142.24,142.24,142.24,142.24,142.24,142.24,142.24,142.24,0,0,0,0,0,0,0,0,0,0,0,0,0,0,0,0,0,0
2014-07-01T00:00:00Z,58.17,58.17,58.17,58.17,58.17,58.17,58.17,58.17,58.17,0,0,0,0,0,0,0,0,0,0,0,0,0,0,0,0,0,0
2014-08-01T00:00:00Z,44.45,44.45,44.45,44.45,44.45,44.45,44.45,44.45,44.45,0,0,0,0,0,0,0,0,0,0,0,0,0,0,0,0,0,0
2014-09-01T00:00:00Z,116.84,116.84,116.84,116.84,116.84,116.84,116.84,116.84,116.84,0,0,0,0,0,0,0,0,0,0,0,0,0,0,0,0,0,0
2014-10-01T00:00:00Z,64.26,64.26,64.26,64.26,64.26,64.26,64.26,64.26,64.26,0,0,0,0,0,0,0,0,0,0,0,0,0,0,0,0,0,0
2014-11-01T00:00:00Z,134.37,134.37,134.37,134.37,134.37,134.37,134.37,134.37,134.37,0,0,0,0,0,0,0,0,0,0,0,0,0,0,0,0,0,0
2014-12-01T00:00:00Z,158.75,158.75,158.75,158.75,158.75,158.75,158.75,158.75,158.75,0,0,0,0,0,0,0,0,0,0,0,0,0,0,0,0,0,0
2015-01-01T00:00:00Z,86.87,86.87,86.87,86.87,86.87,86.87,86.87,86.87,86.87,0,0,0,0,0,0,0,0,0,0,0,0,0,0,0,0,0,0
2015-02-01T00:00:00Z,108.97,108.97,108.97,108.97,108.97,108.97,108.97,108.97,108.97,0,0,0,0,0,0,0,0,0,0,0,0,0,0,0,0,0,0
2015-03-01T00:00:00Z,62.23,62.23,62.23,62.23,62.23,62.23,62.23,62.23,62.23,0,0,0,0,0,0,0,0,0,0,0,0,0,0,0,0,0,0
2015-04-01T00:00:00Z,144.27,144.27,144.27,144.27,144.27,144.27,144.27,144.27,144.27,0,0,0,0,0,0,0,0,0,0,0,0,0,0,0,0,0,0
2015-05-01T00:00:00Z,42.16,42.16,42.16,42.16,42.16,42.16,42.16,42.16,42.16,0,0,0,0,0,0,0,0,0,0,0,0,0,0,0,0,0,0
2015-06-01T00:00:00Z,194.82,194.82,194.82,194.82,194.82,194.82,194.82,194.82,194.82,0,0,0,0,0,0,0,0,0,0,0,0,0,0,0,0,0,0
2015-07-01T00:00:00Z,160.78,160.78,160.78,160.78,160.78,160.78,160.78,160.78,160.78,0,0,0,0,0,0,0,0,0,0,0,0,0,0,0,0,0,0
2015-08-01T00:00:00Z,73.91,73.91,73.91,73.91,73.91,73.91,73.91,73.91,73.91,0,0,0,0,0,0,0,0,0,0,0,0,0,0,0,0,0,0
2015-09-01T00:00:00Z,104.14,104.14,104.14,104.14,104.14,104.14,104.14,104.14,104.14,0,0,0,0,0,0,0,0,0,0,0,0,0,0,0,0,0,0
2015-10-01T00:00:00Z,10.67,10.67,10.67,10.67,10.67,10.67,10.67,10.67,10.67,0,0,0,0,0,0,0,0,0,0,0,0,0,0,0,0,0,0
2015-11-01T00:00:00Z,173.74,173.74,173.74,173.74,173.74,173.74,173.74,173.74,173.74,0,0,0,0,0,0,0,0,0,0,0,0,0,0,0,0,0,0
2015-12-01T00:00:00Z,150.11,150.11,150.11,150.11,150.11,150.11,150.11,150.11,150.11,0,0,0,0,0,0,0,0,0,0,0,0,0,0,0,0,0,0
