time_avg,T_S_avg,D_S_avg,E_S_avg,T_P_avg,D_P_avg,E_P_avg,T_20_avg,D_20_avg,E_20_avg,T_50_avg,D_50_avg,E_50_avg,T_100_avg,D_100_avg,E_100_avg,,time_avg,T_S_avgf,D_S_avgf,E_S_avgf,T_P_avgf,D_P_avgf,E_P_avgf,T_20_avgf,D_20_avgf,E_20_avgf,T_50_avgf,D_50_avgf,E_50_avgf,T_100_avgf,D_100_avgf,E_100_avgf
0,18.34790333,7.085834917,11.26206633,17.73437583,6.586649667,11.14772683,18.37215667,7.104489417,11.26766525,18.34790333,7.085834917,11.26206633,18.34790333,7.085834917,11.26206633,,0,183.4790333,70.85834917,112.6206633,177.3437583,65.86649667,111.4772683,183.7215667,71.04489417,112.6766525,183.4790333,70.85834917,112.6206633,183.4790333,70.85834917,112.6206633
1,18.63464417,7.307155917,11.32748642,17.42109167,6.325129167,11.0959625,18.65657833,7.32517,11.33140717,18.63464417,7.307155917,11.32748642,18.63464417,7.307155917,11.32748642,,1,186.3464417,73.07155917,113.2748642,174.2109167,63.25129167,110.959625,186.5657833,73.2517,113.3140717,186.3464417,73.07155917,113.2748642,186.3464417,73.07155917,113.2748642
2,18.88917667,7.521254583,11.36792392,17.13553667,6.094353417,11.04118333,18.9100425,7.53885,11.37119383,18.88917667,7.521254583,11.36792392,18.88917667,7.521254583,11.36792392,,2,188.8917667,75.21254583,113.6792392,171.3553667,60.94353417,110.4118333,189.100425,75.3885,113.7119383,188.8917667,75.21254583,113.6792392,188.8917667,75.21254583,113.6792392
3,19.13771417,7.732401083,11.40531308,16.87220167,5.871997167,11.00020417,19.15815917,7.749869417,11.40829025,19.13771417,7.732401083,11.40531308,19.13771417,7.732401083,11.40531308,,3,191.3771417,77.32401083,114.0531308,168.7220167,58.71997167,110.0020417,191.5815917,77.49869417,114.0829025,191.3771417,77.32401083,114.0531308,191.3771417,77.32401083,114.0531308
4,19.38039583,7.941944833,11.43845083,16.6420025,5.67747,10.96453283,19.400065,7.959084833,11.44097942,19.38039583,7.941944833,11.43845083,19.38039583,7.941944833,11.43845083,,4,193.8039583,79.41944833,114.3845083,166.420025,56.7747,109.6453283,194.00065,79.59084833,114.4097942,193.8039583,79.41944833,114.3845083,193.8039583,79.41944833,114.3845083
5,19.61165917,8.1452295,11.46642925,16.43481333,5.490232417,10.94458133,19.63104083,8.161731667,11.46930908,19.61165917,8.1452295,11.46642925,19.61165917,8.1452295,11.46642925,,5,196.1165917,81.452295,114.6642925,164.3481333,54.90232417,109.4458133,196.3104083,81.61731667,114.6930908,196.1165917,81.452295,114.6642925,196.1165917,81.452295,114.6642925
6,19.84173667,8.33956925,11.50216758,16.25751,5.320052333,10.93745775,19.85993833,8.355161667,11.50477675,19.84173667,8.33956925,11.50216758,19.84173667,8.33956925,11.50216758,,6,198.4173667,83.3956925,115.0216758,162.5751,53.20052333,109.3745775,198.5993833,83.55161667,115.0477675,198.4173667,83.3956925,115.0216758,198.4173667,83.3956925,115.0216758
7,20.0657025,8.53363575,11.532066,16.08710417,5.148837083,10.938267,20.08502417,8.550546833,11.53447633,20.0657025,8.53363575,11.532066,20.0657025,8.53363575,11.532066,,7,200.657025,85.3363575,115.32066,160.8710417,51.48837083,109.38267,200.8502417,85.50546833,115.3447633,200.657025,85.3363575,115.32066,200.657025,85.3363575,115.32066
8,20.29367083,8.736051667,11.55761792,15.93314333,4.985890167,10.94725267,20.31115,8.752682417,11.55846633,20.29367083,8.736051667,11.55761792,20.29367083,8.736051667,11.55761792,,8,202.9367083,87.36051667,115.5761792,159.3314333,49.85890167,109.4725267,203.1115,87.52682417,115.5846633,202.9367083,87.36051667,115.5761792,202.9367083,87.36051667,115.5761792
9,20.49388083,8.934236167,11.55964358,15.7873675,4.821694583,10.96567442,20.50979833,8.950287667,11.55950975,20.49388083,8.934236167,11.55964358,20.49388083,8.934236167,11.55964358,,9,204.9388083,89.34236167,115.5964358,157.873675,48.21694583,109.6567442,205.0979833,89.50287667,115.5950975,204.9388083,89.34236167,115.5964358,204.9388083,89.34236167,115.5964358
10,20.67594333,9.12176825,11.55417433,15.6582025,4.669179583,10.98902217,20.69014583,9.136745333,11.55340017,20.67594333,9.12176825,11.55417433,20.67594333,9.12176825,11.55417433,,10,206.7594333,91.2176825,115.5417433,156.582025,46.69179583,109.8902217,206.9014583,91.36745333,115.5340017,206.7594333,91.2176825,115.5417433,206.7594333,91.2176825,115.5417433
11,20.84172,9.300096167,11.54162433,15.53889417,4.516578667,11.02231458,20.85504667,9.314686,11.54036117,20.84172,9.300096167,11.54162433,20.84172,9.300096167,11.54162433,,11,208.4172,93.00096167,115.4162433,155.3889417,45.16578667,110.2231458,208.5504667,93.14686,115.4036117,208.4172,93.00096167,115.4162433,208.4172,93.00096167,115.4162433
12,21.02004333,9.494647083,11.52539617,15.43642083,4.374455833,11.06196617,21.03690083,9.512933417,11.52396717,21.02004333,9.494647083,11.52539617,21.02004333,9.494647083,11.52539617,,12,210.2004333,94.94647083,115.2539617,154.3642083,43.74455833,110.6196617,210.3690083,95.12933417,115.2396717,210.2004333,94.94647083,115.2539617,210.2004333,94.94647083,115.2539617
13,21.222585,9.718685583,11.50389992,15.3592825,4.237427417,11.1218565,21.23952833,9.73753725,11.50199142,21.222585,9.718685583,11.50389992,21.222585,9.718685583,11.50389992,,13,212.22585,97.18685583,115.0389992,153.592825,42.37427417,111.218565,212.3952833,97.3753725,115.0199142,212.22585,97.18685583,115.0389992,212.22585,97.18685583,115.0389992
14,21.42927667,9.9323305,11.49694592,15.31268417,4.109392083,11.20329175,21.44601667,9.947437667,11.49857875,21.42927667,9.9323305,11.49694592,21.42927667,9.9323305,11.49694592,,14,214.2927667,99.323305,114.9694592,153.1268417,41.09392083,112.0329175,214.4601667,99.47437667,114.9857875,214.2927667,99.323305,114.9694592,214.2927667,99.323305,114.9694592
15,21.59435333,10.06871917,11.52563392,15.27125083,3.973820917,11.297429,21.60440667,10.07623767,11.52816833,21.59435333,10.06871917,11.52563392,21.59435333,10.06871917,11.52563392,,15,215.9435333,100.6871917,115.2563392,152.7125083,39.73820917,112.97429,216.0440667,100.7623767,115.2816833,215.9435333,100.6871917,115.2563392,215.9435333,100.6871917,115.2563392
16,21.70575583,10.15037283,11.55538267,15.23821417,3.837895667,11.40031758,21.714025,10.15630458,11.55772092,21.70575583,10.15037283,11.55538267,21.70575583,10.15037283,11.55538267,,16,217.0575583,101.5037283,115.5538267,152.3821417,38.37895667,114.0031758,217.14025,101.5630458,115.5772092,217.0575583,101.5037283,115.5538267,217.0575583,101.5037283,115.5538267
17,21.79851,10.21686283,11.58164792,15.20745583,3.690487333,11.51696767,21.80507833,10.22174225,11.583336,21.79851,10.21686283,11.58164792,21.79851,10.21686283,11.58164792,,17,217.9851,102.1686283,115.8164792,152.0745583,36.90487333,115.1696767,218.0507833,102.2174225,115.83336,217.9851,102.1686283,115.8164792,217.9851,102.1686283,115.8164792
18,21.89617083,10.29515958,11.60101142,15.18873,3.544483167,11.64424467,21.906445,10.30429375,11.60215183,21.89617083,10.29515958,11.60101142,21.89617083,10.29515958,11.60101142,,18,218.9617083,102.9515958,116.0101142,151.8873,35.44483167,116.4424467,219.06445,103.0429375,116.0215183,218.9617083,102.9515958,116.0101142,218.9617083,102.9515958,116.0101142
19,22.0136725,10.40412708,11.60954458,15.17858667,3.391303333,11.78728383,20.2031625,9.552456,10.65070558,22.0136725,10.40412708,11.60954458,22.0136725,10.40412708,11.60954458,,19,220.136725,104.0412708,116.0954458,151.7858667,33.91303333,117.8728383,202.031625,95.52456,106.5070558,220.136725,104.0412708,116.0954458,220.136725,104.0412708,116.0954458
20,22.12291417,10.50958708,11.61332767,15.18261083,3.2394385,11.94317308,0.177435,0.142637167,0.0347975,22.12291417,10.50958708,11.61332767,22.12291417,10.50958708,11.61332767,,20,221.2291417,105.0958708,116.1332767,151.8261083,32.394385,119.4317308,1.77435,1.426371667,0.347975,221.2291417,105.0958708,116.1332767,221.2291417,105.0958708,116.1332767
21,22.22926917,10.61766625,11.61160183,15.19529833,3.077149833,12.11814842,0.342945833,0.298527583,0.044418583,22.22926917,10.61766625,11.61160183,22.22926917,10.61766625,11.61160183,,21,222.2926917,106.1766625,116.1160183,151.9529833,30.77149833,121.1814842,3.429458333,2.985275833,0.444185833,222.2926917,106.1766625,116.1160183,222.2926917,106.1766625,116.1160183
22,22.33469,10.7297105,11.60497992,15.223705,2.921081333,12.30262275,0.651770833,0.596444333,0.055327083,22.33469,10.7297105,11.60497992,22.33469,10.7297105,11.60497992,,22,223.3469,107.297105,116.0497992,152.23705,29.21081333,123.0262275,6.517708333,5.964443333,0.553270833,223.3469,107.297105,116.0497992,223.3469,107.297105,116.0497992
23,22.44682167,10.84718383,11.59963742,15.26972667,2.763019417,12.50670817,1.030075,0.963967667,0.066106667,22.44682167,10.84718383,11.59963742,22.44682167,10.84718383,11.59963742,,23,224.4682167,108.4718383,115.9963742,152.6972667,27.63019417,125.0670817,10.30075,9.639676667,0.661066667,224.4682167,108.4718383,115.9963742,224.4682167,108.4718383,115.9963742
24,22.57175333,10.98580525,11.58594833,15.34293333,2.628347583,12.71458617,1.391353333,1.318749167,0.072603833,22.57175333,10.98580525,11.58594833,22.57175333,10.98580525,11.58594833,,24,225.7175333,109.8580525,115.8594833,153.4293333,26.28347583,127.1458617,13.91353333,13.18749167,0.726038333,225.7175333,109.8580525,115.8594833,225.7175333,109.8580525,115.8594833
25,22.74214667,11.180781,11.56136442,15.42374583,2.506825667,12.91692033,1.69504,1.625861667,0.0691775,22.74214667,11.180781,11.56136442,22.74214667,11.180781,11.56136442,,25,227.4214667,111.80781,115.6136442,154.2374583,25.06825667,129.1692033,16.9504,16.25861667,0.691775,227.4214667,111.80781,115.6136442,227.4214667,111.80781,115.6136442
26,22.88700083,11.38038258,11.50661858,15.51270167,2.407125583,13.10557558,1.836901667,1.796146917,0.04075525,22.88700083,11.38038258,11.50661858,22.88700083,11.38038258,11.50661858,,26,228.8700083,113.8038258,115.0661858,155.1270167,24.07125583,131.0557558,18.36901667,17.96146917,0.4075525,228.8700083,113.8038258,115.0661858,228.8700083,113.8038258,115.0661858
27,23.01934,11.58245617,11.43688392,15.602065,2.31704675,13.285019,2.011499167,2.001925083,0.009573917,23.01934,11.58245617,11.43688392,23.01934,11.58245617,11.43688392,,27,230.1934,115.8245617,114.3688392,156.02065,23.1704675,132.85019,20.11499167,20.01925083,0.095739167,230.1934,115.8245617,114.3688392,230.1934,115.8245617,114.3688392
28,23.14750083,11.77685975,11.37064058,15.69636583,2.244314583,13.45205192,2.2317725,2.231256333,0.000516417,23.14750083,11.77685975,11.37064058,23.14750083,11.77685975,11.37064058,,28,231.4750083,117.7685975,113.7064058,156.9636583,22.44314583,134.5205192,22.317725,22.31256333,0.005164167,231.4750083,117.7685975,113.7064058,231.4750083,117.7685975,113.7064058
29,23.28302417,11.98478967,11.29823533,15.79020167,2.178793333,13.61140833,2.3821225,2.382123,0,23.28302417,11.98478967,11.29823533,23.28302417,11.98478967,11.29823533,,29,232.8302417,119.8478967,112.9823533,157.9020167,21.78793333,136.1140833,23.821225,23.82123,0,232.8302417,119.8478967,112.9823533,232.8302417,119.8478967,112.9823533
30,23.44678167,12.22376558,11.22301433,15.8838425,2.126290583,13.75755108,2.692556667,2.692556583,0,23.44678167,12.22376558,11.22301433,23.44678167,12.22376558,11.22301433,,30,234.4678167,122.2376558,112.2301433,158.838425,21.26290583,137.5755108,26.92556667,26.92556583,0,234.4678167,122.2376558,112.2301433,234.4678167,122.2376558,112.2301433
31,23.60404833,12.45361367,11.15043333,15.97849417,2.0813645,13.89713025,2.814724167,2.814724,0,23.60404833,12.45361367,11.15043333,23.60404833,12.45361367,11.15043333,,31,236.0404833,124.5361367,111.5043333,159.7849417,20.813645,138.9713025,28.14724167,28.14724,0,236.0404833,124.5361367,111.5043333,236.0404833,124.5361367,111.5043333
32,23.7326275,12.67030842,11.062318,16.07373333,2.04723725,14.02649592,2.702260833,2.7022605,0,23.7326275,12.67030842,11.062318,23.7326275,12.67030842,11.062318,,32,237.326275,126.7030842,110.62318,160.7373333,20.4723725,140.2649592,27.02260833,27.022605,0,237.326275,126.7030842,110.62318,237.326275,126.7030842,110.62318
33,23.8371975,12.87492217,10.96227383,16.1682725,2.0187475,14.14952592,2.928113333,2.9281125,0,23.8371975,12.87492217,10.96227383,23.8371975,12.87492217,10.96227383,,33,238.371975,128.7492217,109.6227383,161.682725,20.187475,141.4952592,29.28113333,29.281125,0,238.371975,128.7492217,109.6227383,238.371975,128.7492217,109.6227383
34,23.92934667,13.06512633,10.86422,16.26014167,1.997311833,14.26282825,3.235165,3.2351635,0,23.92934667,13.06512633,10.86422,23.92934667,13.06512633,10.86422,,34,239.2934667,130.6512633,108.6422,162.6014167,19.97311833,142.6282825,32.35165,32.351635,0,239.2934667,130.6512633,108.6422,239.2934667,130.6512633,108.6422
35,24.04763833,13.24712433,10.80051375,16.35350083,1.981569417,14.37193158,3.439731667,3.439733333,0,24.04763833,13.24712433,10.80051375,24.04763833,13.24712433,10.80051375,,35,240.4763833,132.4712433,108.0051375,163.5350083,19.81569417,143.7193158,34.39731667,34.39733333,0,240.4763833,132.4712433,108.0051375,240.4763833,132.4712433,108.0051375
36,24.19087083,13.40960242,10.78126842,16.446775,1.972929667,14.47384667,3.631045,3.631044667,0,24.19087083,13.40960242,10.78126842,24.19087083,13.40960242,10.78126842,,36,241.9087083,134.0960242,107.8126842,164.46775,19.72929667,144.7384667,36.31045,36.31044667,0,241.9087083,134.0960242,107.8126842,241.9087083,134.0960242,107.8126842
37,24.32389,13.49366917,10.83021958,16.54055917,1.968097167,14.57246325,3.843825833,3.843825583,0,24.32389,13.49366917,10.83021958,24.32389,13.49366917,10.83021958,,37,243.2389,134.9366917,108.3021958,165.4055917,19.68097167,145.7246325,38.43825833,38.43825583,0,243.2389,134.9366917,108.3021958,243.2389,134.9366917,108.3021958
38,24.400075,13.51569583,10.88437775,16.62611417,1.96430075,14.6618135,3.9893625,3.989361083,0,24.400075,13.51569583,10.88437775,24.400075,13.51569583,10.88437775,,38,244.00075,135.1569583,108.8437775,166.2611417,19.6430075,146.618135,39.893625,39.89361083,0,244.00075,135.1569583,108.8437775,244.00075,135.1569583,108.8437775
39,24.45531417,13.4883115,10.9670025,16.715575,1.9639415,14.7516335,3.773513333,3.773514,0,24.45531417,13.4883115,10.9670025,24.45531417,13.4883115,10.9670025,,39,244.5531417,134.883115,109.670025,167.15575,19.639415,147.516335,37.73513333,37.73514,0,244.5531417,134.883115,109.670025,244.5531417,134.883115,109.670025
40,24.49623833,13.41779875,11.07843883,16.80397167,1.967194833,14.83677683,0.0820725,0.082072917,0,24.49623833,13.41779875,11.07843883,24.49623833,13.41779875,11.07843883,,40,244.9623833,134.1779875,110.7843883,168.0397167,19.67194833,148.3677683,0.820725,0.820729167,0,244.9623833,134.1779875,110.7843883,244.9623833,134.1779875,110.7843883
41,24.43331417,13.23058158,11.20273233,16.89216417,1.971936167,14.92022875,0.153645833,0.153644583,0,24.43331417,13.23058158,11.20273233,24.43331417,13.23058158,11.20273233,,41,244.3331417,132.3058158,112.0273233,168.9216417,19.71936167,149.2022875,1.536458333,1.536445833,0,244.3331417,132.3058158,112.0273233,244.3331417,132.3058158,112.0273233
42,24.44121167,13.09887842,11.34233417,16.97050167,1.973377667,14.997123,0.333961667,0.333960833,0,24.44121167,13.09887842,11.34233417,24.44121167,13.09887842,11.34233417,,42,244.4121167,130.9887842,113.4233417,169.7050167,19.73377667,149.97123,3.339616667,3.339608333,0,244.4121167,130.9887842,113.4233417,244.4121167,130.9887842,113.4233417
43,24.54021583,13.06091825,11.47929842,17.05460583,1.97793725,15.07666817,0.638451667,0.638452083,0,24.54021583,13.06091825,11.47929842,24.54021583,13.06091825,11.47929842,,43,245.4021583,130.6091825,114.7929842,170.5460583,19.7793725,150.7666817,6.384516667,6.384520833,0,245.4021583,130.6091825,114.7929842,245.4021583,130.6091825,114.7929842
44,24.64885583,13.04022258,11.60863217,17.13752833,1.983339917,15.15418725,1.033708333,1.0337085,0,24.64885583,13.04022258,11.60863217,24.64885583,13.04022258,11.60863217,,44,246.4885583,130.4022258,116.0863217,171.3752833,19.83339917,151.5418725,10.33708333,10.337085,0,246.4885583,130.4022258,116.0863217,246.4885583,130.4022258,116.0863217
45,24.78518917,13.05302217,11.73216767,17.21932,1.986936167,15.23238433,1.4350775,1.435077083,0,24.78518917,13.05302217,11.73216767,24.78518917,13.05302217,11.73216767,,45,247.8518917,130.5302217,117.3216767,172.1932,19.86936167,152.3238433,14.350775,14.35077083,0,247.8518917,130.5302217,117.3216767,247.8518917,130.5302217,117.3216767
46,24.95330167,13.10337133,11.84993025,17.290565,1.985069833,15.3054955,1.760669167,1.7606695,0,24.95330167,13.10337133,11.84993025,24.95330167,13.10337133,11.84993025,,46,249.5330167,131.0337133,118.4993025,172.90565,19.85069833,153.054955,17.60669167,17.606695,0,249.5330167,131.0337133,118.4993025,249.5330167,131.0337133,118.4993025
47,25.11959167,13.1589805,11.96061,17.36158833,1.980531833,15.38105642,1.871688333,1.8716885,0,25.11959167,13.1589805,11.96061,25.11959167,13.1589805,11.96061,,47,251.1959167,131.589805,119.6061,173.6158833,19.80531833,153.8105642,18.71688333,18.716885,0,251.1959167,131.589805,119.6061,251.1959167,131.589805,119.6061
48,25.2758825,13.21148758,12.06439517,17.42189917,1.969478417,15.45241933,2.080549167,2.080549917,0,25.2758825,13.21148758,12.06439517,25.2758825,13.21148758,12.06439517,,48,252.758825,132.1148758,120.6439517,174.2189917,19.69478417,154.5241933,20.80549167,20.80549917,0,252.758825,132.1148758,120.6439517,252.758825,132.1148758,120.6439517
49,25.41941083,13.25767667,12.1617355,17.49253167,1.959916083,15.53261458,2.411920833,2.411921667,0,25.41941083,13.25767667,12.1617355,25.41941083,13.25767667,12.1617355,,49,254.1941083,132.5767667,121.617355,174.9253167,19.59916083,155.3261458,24.11920833,24.11921667,0,254.1941083,132.5767667,121.617355,254.1941083,132.5767667,121.617355
50,25.54698917,13.29515442,12.251835,17.56821,1.95199175,15.61621792,2.610971667,2.610971833,0,0.42834,0.17862525,0.249715333,25.54698917,13.29515442,12.251835,,50,255.4698917,132.9515442,122.51835,175.6821,19.5199175,156.1621792,26.10971667,26.10971833,0,4.2834,1.7862525,2.497153333,255.4698917,132.9515442,122.51835
51,25.67001417,13.34946225,12.32055217,17.64238667,1.940200417,15.70218633,2.715400833,2.715400917,0,0.650931667,0.345484833,0.305446667,25.67001417,13.34946225,12.32055217,,51,256.7001417,133.4946225,123.2055217,176.4238667,19.40200417,157.0218633,27.15400833,27.15400917,0,6.509316667,3.454848333,3.054466667,256.7001417,133.4946225,123.2055217
52,25.80601417,13.43924883,12.36676617,17.7116375,1.92385575,15.78778308,2.874568333,2.874568167,0,0.9991425,0.660642333,0.33850075,25.80601417,13.43924883,12.36676617,,52,258.0601417,134.3924883,123.6676617,177.116375,19.2385575,157.8778308,28.74568333,28.74568167,0,9.991425,6.606423333,3.3850075,258.0601417,134.3924883,123.6676617
53,25.92540917,13.52450392,12.40090558,17.7847725,1.907111417,15.87766292,3.064843333,3.064843833,0,1.225146667,1.00306525,0.222081083,25.92540917,13.52450392,12.40090558,,53,259.2540917,135.2450392,124.0090558,177.847725,19.07111417,158.7766292,30.64843333,30.64843833,0,12.25146667,10.0306525,2.220810833,259.2540917,135.2450392,124.0090558
54,26.033475,13.6003585,12.43311758,17.85048,1.889916167,15.96056558,3.234489167,3.234489167,0,1.2956225,1.215498917,0.080123917,26.033475,13.6003585,12.43311758,,54,260.33475,136.003585,124.3311758,178.5048,18.89916167,159.6056558,32.34489167,32.34489167,0,12.956225,12.15498917,0.801239167,260.33475,136.003585,124.3311758
55,26.134395,13.67141117,12.462984,17.92606417,1.879744,16.04631875,3.432015,3.432013917,0,1.509165,1.421277667,0.087888417,26.134395,13.67141117,12.462984,,55,261.34395,136.7141117,124.62984,179.2606417,18.79744,160.4631875,34.32015,34.32013917,0,15.09165,14.21277667,0.878884167,261.34395,136.7141117,124.62984
56,26.25072,13.753306,12.49741358,18.00791583,1.876044333,16.13187175,3.596705833,3.596705167,0,1.717616667,1.626869667,0.090749167,26.25072,13.753306,12.49741358,,56,262.5072,137.53306,124.9741358,180.0791583,18.76044333,161.3187175,35.96705833,35.96705167,0,17.17616667,16.26869667,0.907491667,262.5072,137.53306,124.9741358
57,26.3954425,13.86191617,12.53352783,18.08867167,1.871015917,16.21765358,3.736438333,3.736438583,0,1.910826667,1.836070667,0.074756083,26.3954425,13.86191617,12.53352783,,57,263.954425,138.6191617,125.3352783,180.8867167,18.71015917,162.1765358,37.36438333,37.36438583,0,19.10826667,18.36070667,0.747560833,263.954425,138.6191617,125.3352783
58,26.52918583,13.96457492,12.564611,18.15920333,1.862053917,16.29714892,3.853326667,3.853325,0,2.1526475,2.102723083,0.04992425,26.52918583,13.96457492,12.564611,,58,265.2918583,139.6457492,125.64611,181.5920333,18.62053917,162.9714892,38.53326667,38.53325,0,21.526475,21.02723083,0.4992425,265.2918583,139.6457492,125.64611
59,26.64779167,14.06488708,12.58290567,18.22678583,1.85014575,16.37664,3.639008333,3.639006417,0,2.16584,2.149108,0.016731917,26.64779167,14.06488708,12.58290567,,59,266.4779167,140.6488708,125.8290567,182.2678583,18.5014575,163.7664,36.39008333,36.39006417,0,21.6584,21.49108,0.167319167,266.4779167,140.6488708,125.8290567
60,26.74596833,14.18512633,12.56084158,18.28581583,1.833625333,16.45219067,0.085320833,0.085320667,0,2.4332625,2.429890917,0.003372083,26.74596833,14.18512633,12.56084158,,60,267.4596833,141.8512633,125.6084158,182.8581583,18.33625333,164.5219067,0.853208333,0.853206667,0,24.332625,24.29890917,0.033720833,267.4596833,141.8512633,125.6084158
61,26.85623417,14.35231558,12.50391875,18.35476417,1.820769333,16.53399542,0.159368333,0.159368917,0,2.590985,2.590725583,0.000259083,26.85623417,14.35231558,12.50391875,,61,268.5623417,143.5231558,125.0391875,183.5476417,18.20769333,165.3399542,1.593683333,1.593689167,0,25.90985,25.90725583,0.002590833,268.5623417,143.5231558,125.0391875
62,26.990935,14.55033575,12.44059933,18.43362667,1.812565583,16.62106025,0.343339167,0.34333875,0,2.797115833,2.79711125,5.16667E-06,26.990935,14.55033575,12.44059933,,62,269.90935,145.5033575,124.4059933,184.3362667,18.12565583,166.2106025,3.433391667,3.4333875,0,27.97115833,27.9711125,5.16667E-05,269.90935,145.5033575,124.4059933
63,27.11686833,14.74047875,12.37638942,18.5116075,1.799827833,16.71178025,0.651155833,0.651155083,0,3.1194875,3.119488417,0,27.11686833,14.74047875,12.37638942,,63,271.1686833,147.4047875,123.7638942,185.116075,17.99827833,167.1178025,6.511558333,6.511550833,0,31.194875,31.19488417,0,271.1686833,147.4047875,123.7638942
64,27.23113417,14.91812275,12.31300983,18.58050583,1.78178625,16.79871958,1.0479425,1.04794125,0,3.3269325,3.326931167,0,27.23113417,14.91812275,12.31300983,,64,272.3113417,149.1812275,123.1300983,185.8050583,17.8178625,167.9871958,10.479425,10.4794125,0,33.269325,33.26931167,0,272.3113417,149.1812275,123.1300983
65,27.34363667,15.09367017,12.24996608,18.64881333,1.755851417,16.89296233,1.453130833,1.453129167,0,3.501019167,3.501020417,0,27.34363667,15.09367017,12.24996608,,65,273.4363667,150.9367017,122.4996608,186.4881333,17.55851417,168.9296233,14.53130833,14.53129167,0,35.01019167,35.01020417,0,273.4363667,150.9367017,122.4996608
66,27.44209917,15.25438242,12.18771592,18.70856083,1.721909917,16.98665083,1.78602,1.786020167,0,3.6375,3.63750125,0,27.44209917,15.25438242,12.18771592,,66,274.4209917,152.5438242,121.8771592,187.0856083,17.21909917,169.8665083,17.8602,17.86020167,0,36.375,36.3750125,0,274.4209917,152.5438242,121.8771592
67,27.53458583,15.40836742,12.12621883,18.7813825,1.68998575,17.09139833,1.910373333,1.910372583,0,3.8169675,3.816967667,0,27.53458583,15.40836742,12.12621883,,67,275.3458583,154.0836742,121.2621883,187.813825,16.8998575,170.9139833,19.10373333,19.10372583,0,38.169675,38.16967667,0,275.3458583,154.0836742,121.2621883
68,27.66802083,15.60383475,12.0641855,18.87174833,1.66331875,17.20842983,2.1392225,2.139221917,0,4.088473333,4.08847325,0,27.66802083,15.60383475,12.0641855,,68,276.6802083,156.0383475,120.641855,188.7174833,16.6331875,172.0842983,21.392225,21.39221917,0,40.88473333,40.8847325,0,276.6802083,156.0383475,120.641855
69,27.78953667,15.78842483,12.00111358,18.96113667,1.62961125,17.33152492,2.485723333,2.485724,0,4.4128775,4.41287775,0,27.78953667,15.78842483,12.00111358,,69,277.8953667,157.8842483,120.0111358,189.6113667,16.2961125,173.3152492,24.85723333,24.85724,0,44.128775,44.1287775,0,277.8953667,157.8842483,120.0111358
70,27.901475,15.96312792,11.93834717,19.04063667,1.589620417,17.45101692,2.701440833,2.701440667,0,4.716728333,4.716727917,0,27.901475,15.96312792,11.93834717,,70,279.01475,159.6312792,119.3834717,190.4063667,15.89620417,174.5101692,27.01440833,27.01440667,0,47.16728333,47.16727917,0,279.01475,159.6312792,119.3834717
71,27.99892667,16.12311133,11.87581517,19.1119075,1.541804083,17.57010292,2.859010833,2.85901075,0,4.902976667,4.902976917,0,27.99892667,16.12311133,11.87581517,,71,279.9892667,161.2311133,118.7581517,191.119075,15.41804083,175.7010292,28.59010833,28.5901075,0,49.02976667,49.02976917,0,279.9892667,161.2311133,118.7581517
72,28.09059,16.27642975,11.8141605,19.16161167,1.488143417,17.67346725,2.9615025,2.96150175,0,5.131211667,5.13121075,0,28.09059,16.27642975,11.8141605,,72,280.9059,162.7642975,118.141605,191.6161167,14.88143417,176.7346725,29.615025,29.6150175,0,51.31211667,51.3121075,0,280.9059,162.7642975,118.141605
73,28.18875417,16.43825008,11.75050267,19.18994333,1.426593833,17.76334958,3.053995833,3.053995333,0,5.503000833,5.503001583,0,28.18875417,16.43825008,11.75050267,,73,281.8875417,164.3825008,117.5050267,191.8994333,14.26593833,177.6334958,30.53995833,30.53995333,0,55.03000833,55.03001583,0,281.8875417,164.3825008,117.5050267
74,28.17378,16.49586292,11.67791708,19.1905375,1.360962083,17.82957483,3.265803333,3.2658025,0,5.81298,5.81297975,0,28.17378,16.49586292,11.67791708,,74,281.7378,164.9586292,116.7791708,191.905375,13.60962083,178.2957483,32.65803333,32.658025,0,58.1298,58.1297975,0,281.7378,164.9586292,116.7791708
75,28.17115083,16.57257383,11.59857675,19.17394667,1.288864667,17.88508108,3.46758,3.467579333,0,6.056800833,6.056801667,0,28.17115083,16.57257383,11.59857675,,75,281.7115083,165.7257383,115.9857675,191.7394667,12.88864667,178.8508108,34.6758,34.67579333,0,60.56800833,60.56801667,0,281.7115083,165.7257383,115.9857675
76,28.27427167,16.75849833,11.51577283,19.1357025,1.215349,17.92035308,3.621643333,3.62164425,0,6.248013333,6.2480145,0,28.27427167,16.75849833,11.51577283,,76,282.7427167,167.5849833,115.1577283,191.357025,12.15349,179.2035308,36.21643333,36.2164425,0,62.48013333,62.480145,0,282.7427167,167.5849833,115.1577283
77,28.36536417,16.9275775,11.43778483,19.06794417,1.138820167,17.92912492,3.7665225,3.766521583,0,6.414105,6.414103667,0,28.36536417,16.9275775,11.43778483,,77,283.6536417,169.275775,114.3778483,190.6794417,11.38820167,179.2912492,37.665225,37.66521583,0,64.14105,64.14103667,0,283.6536417,169.275775,114.3778483
78,28.44463583,17.0823065,11.36233067,18.98254083,1.065276917,17.91726367,3.896224167,3.896221917,0,6.576706667,6.57670575,0,28.44463583,17.0823065,11.36233067,,78,284.4463583,170.823065,113.6233067,189.8254083,10.65276917,179.1726367,38.96224167,38.96221917,0,65.76706667,65.7670575,0,284.4463583,170.823065,113.6233067
79,28.503555,17.22197742,11.28157742,18.93553167,0.9822975,17.95323417,3.70048,3.700478833,0,6.741235833,6.7412365,0,28.503555,17.22197742,11.28157742,,79,285.03555,172.2197742,112.8157742,189.3553167,9.822975,179.5323417,37.0048,37.00478833,0,67.41235833,67.412365,0,285.03555,172.2197742,112.8157742
80,28.55171,17.35042433,11.20128608,18.95604667,0.900256667,18.05579133,0.0883675,0.08836775,0,6.943371667,6.943370583,0,28.55171,17.35042433,11.20128608,,80,285.5171,173.5042433,112.0128608,189.5604667,9.002566667,180.5579133,0.883675,0.8836775,0,69.43371667,69.43370583,0,285.5171,173.5042433,112.0128608
81,28.59904167,17.474221,11.12482067,19.01358083,0.831482,18.18209883,0.164858333,0.164858917,0,7.102996667,7.102997333,0,28.59904167,17.474221,11.12482067,,81,285.9904167,174.74221,111.2482067,190.1358083,8.31482,181.8209883,1.648583333,1.648589167,0,71.02996667,71.02997333,0,285.9904167,174.74221,111.2482067
82,28.673935,17.62318358,11.05075208,19.088565,0.781429417,18.30713492,0.353014167,0.353013917,0,7.237781667,7.2377815,0,28.673935,17.62318358,11.05075208,,82,286.73935,176.2318358,110.5075208,190.88565,7.814294167,183.0713492,3.530141667,3.530139167,0,72.37781667,72.377815,0,286.73935,176.2318358,110.5075208
83,28.70055167,17.72302317,10.97752883,19.16905833,0.739565,18.42949342,0.665325,0.665325167,0,7.358641667,7.358641333,0,28.70055167,17.72302317,10.97752883,,83,287.0055167,177.2302317,109.7752883,191.6905833,7.39565,184.2949342,6.65325,6.653251667,0,73.58641667,73.58641333,0,287.0055167,177.2302317,109.7752883
84,28.6826975,17.77650217,10.90619592,19.25055,0.707581333,18.54296917,1.063595833,1.06359625,0,7.473653333,7.473653167,0,28.6826975,17.77650217,10.90619592,,84,286.826975,177.7650217,109.0619592,192.5055,7.075813333,185.4296917,10.63595833,10.6359625,0,74.73653333,74.73653167,0,286.826975,177.7650217,109.0619592
85,28.71215917,17.87673508,10.83542483,19.33299333,0.680657833,18.652335,1.467896667,1.467896667,0,7.589103333,7.589103167,0,28.71215917,17.87673508,10.83542483,,85,287.1215917,178.7673508,108.3542483,193.3299333,6.806578333,186.52335,14.67896667,14.67896667,0,75.89103333,75.89103167,0,287.1215917,178.7673508,108.3542483
86,28.75554583,17.99063125,10.76491433,19.41148417,0.659856,18.75162958,1.798243333,1.798242333,0,7.699561667,7.69956375,0,28.75554583,17.99063125,10.76491433,,86,287.5554583,179.9063125,107.6491433,194.1148417,6.59856,187.5162958,17.98243333,17.98242333,0,76.99561667,76.9956375,0,287.5554583,179.9063125,107.6491433
87,28.81107167,18.11692325,10.69414958,19.4894375,0.642355083,18.847082,1.918968333,1.918967583,0,7.807575833,7.807574917,0,28.81107167,18.11692325,10.69414958,,87,288.1107167,181.1692325,106.9414958,194.894375,6.423550833,188.47082,19.18968333,19.18967583,0,78.07575833,78.07574917,0,288.1107167,181.1692325,106.9414958
88,28.76401083,18.14243375,10.62157675,19.56462667,0.62871,18.93591633,2.146559167,2.146559917,0,7.907969167,7.907969667,0,28.76401083,18.14243375,10.62157675,,88,287.6401083,181.4243375,106.2157675,195.6462667,6.2871,189.3591633,21.46559167,21.46559917,0,79.07969167,79.07969667,0,287.6401083,181.4243375,106.2157675
89,28.71172167,18.16054658,10.55117475,19.63797583,0.61778325,19.02019317,2.4943175,2.49431775,0,8.0076675,8.007667,0,28.71172167,18.16054658,10.55117475,,89,287.1172167,181.6054658,105.5117475,196.3797583,6.1778325,190.2019317,24.943175,24.9431775,0,80.076675,80.07667,0,287.1172167,181.6054658,105.5117475
90,28.750435,18.26782108,10.48261425,19.70730833,0.610298917,19.09700908,2.710965,2.71096575,0,8.120351667,8.120351083,0,28.750435,18.26782108,10.48261425,,90,287.50435,182.6782108,104.8261425,197.0730833,6.102989167,190.9700908,27.10965,27.1096575,0,81.20351667,81.20351083,0,287.50435,182.6782108,104.8261425
91,28.7598875,18.34632967,10.41355867,19.77703583,0.606276167,19.17075975,2.868953333,2.86895375,0,8.228179167,8.228178,0,28.7598875,18.34632967,10.41355867,,91,287.598875,183.4632967,104.1355867,197.7703583,6.062761667,191.7075975,28.68953333,28.6895375,0,82.28179167,82.28178,0,287.598875,183.4632967,104.1355867
92,28.80421333,18.45935792,10.34485358,19.84208417,0.606629833,19.23545433,2.971099167,2.971099917,0,8.325649167,8.32564875,0,28.80421333,18.45935792,10.34485358,,92,288.0421333,184.5935792,103.4485358,198.4208417,6.066298333,192.3545433,29.71099167,29.71099917,0,83.25649167,83.2564875,0,288.0421333,184.5935792,103.4485358
93,28.77837167,18.50137242,10.276999,19.90768167,0.611796083,19.29588542,3.0657625,3.065762,0,8.4283925,8.428392,0,28.77837167,18.50137242,10.276999,,93,287.7837167,185.0137242,102.76999,199.0768167,6.117960833,192.9588542,30.657625,30.65762,0,84.283925,84.28392,0,287.7837167,185.0137242,102.76999
94,28.73161917,18.52290158,10.20871725,19.96772083,0.620675667,19.347045,3.2772175,3.27721825,0,8.555546667,8.555546083,0,28.73161917,18.52290158,10.20871725,,94,287.3161917,185.2290158,102.0871725,199.6772083,6.206756667,193.47045,32.772175,32.7721825,0,85.55546667,85.55546083,0,287.3161917,185.2290158,102.0871725
95,28.74422667,18.60426033,10.139967,20.027135,0.634086667,19.39304958,3.4772425,3.47724225,0,8.670946667,8.67094575,0,28.74422667,18.60426033,10.139967,,95,287.4422667,186.0426033,101.39967,200.27135,6.340866667,193.9304958,34.772425,34.7724225,0,86.70946667,86.7094575,0,287.4422667,186.0426033,101.39967
96,28.72585083,18.65493558,10.07091508,20.08149333,0.6505655,19.43092858,3.630005833,3.630005917,0,8.773009167,8.773009667,0,28.72585083,18.65493558,10.07091508,,96,287.2585083,186.5493558,100.7091508,200.8149333,6.505655,194.3092858,36.30005833,36.30005917,0,87.73009167,87.73009667,0,287.2585083,186.5493558,100.7091508
97,28.73415417,18.73260425,10.00155042,20.13845083,0.6718875,19.46656267,3.7770175,3.777019,0,8.861165833,8.861165417,0,28.73415417,18.73260425,10.00155042,,97,287.3415417,187.3260425,100.0155042,201.3845083,6.718875,194.6656267,37.770175,37.77019,0,88.61165833,88.61165417,0,287.3415417,187.3260425,100.0155042
98,28.68827333,18.75583717,9.932435333,20.19111083,0.695519167,19.49559175,3.9118275,3.911828083,0,8.971830833,8.97183125,0,28.68827333,18.75583717,9.932435333,,98,286.8827333,187.5583717,99.32435333,201.9111083,6.955191667,194.9559175,39.118275,39.11828083,0,89.71830833,89.7183125,0,286.8827333,187.5583717,99.32435333
99,28.62722417,18.76322892,9.863994583,20.2458375,0.723999833,19.521839,3.708829167,3.70882725,0,9.098653333,9.098652917,0,28.62722417,18.76322892,9.863994583,,99,286.2722417,187.6322892,98.63994583,202.458375,7.239998333,195.21839,37.08829167,37.0882725,0,90.98653333,90.98652917,0,286.2722417,187.6322892,98.63994583
100,28.61050167,18.81501592,9.795486417,20.29739083,0.754434583,19.54295642,0.089420833,0.089421083,0,0.171360833,0.171361917,0,0.160698333,0.079878333,0.080819583,,100,286.1050167,188.1501592,97.95486417,202.9739083,7.544345833,195.4295642,0.894208333,0.894210833,0,1.713608333,1.713619167,0,1.606983333,0.798783333,0.808195833
101,28.57788083,18.85088925,9.726992083,20.35407833,0.79009825,19.56398025,0.166961667,0.16696125,0,0.270058333,0.27006025,0,0.259366667,0.157015333,0.102350333,,101,285.7788083,188.5088925,97.26992083,203.5407833,7.9009825,195.6398025,1.669616667,1.6696125,0,2.700583333,2.7006025,0,2.593666667,1.570153333,1.023503333
102,28.59525083,18.93679442,9.658455333,20.4111325,0.827516417,19.58361617,0.35673,0.356731333,0,0.550566667,0.550567417,0,0.439843333,0.314971167,0.1248705,,102,285.9525083,189.3679442,96.58455333,204.111325,8.275164167,195.8361617,3.5673,3.567313333,0,5.505666667,5.505674167,0,4.398433333,3.149711667,1.248705
103,28.57972167,18.99006375,9.58965775,20.47279917,0.868854833,19.60394333,0.6709275,0.6709275,0,0.931346667,0.93134725,0,0.653611667,0.512531,0.141080417,,103,285.7972167,189.9006375,95.8965775,204.7279917,8.688548333,196.0394333,6.709275,6.709275,0,9.313466667,9.3134725,0,6.536116667,5.12531,1.410804167
104,28.46850417,18.94782292,9.520681083,20.5279375,0.907790083,19.62014617,1.068258333,1.068257833,0,1.286235,1.286235,0,0.841889167,0.705035333,0.136853917,,104,284.6850417,189.4782292,95.20681083,205.279375,9.077900833,196.2014617,10.68258333,10.68257833,0,12.86235,12.86235,0,8.418891667,7.050353333,1.368539167
105,28.42870333,18.97909433,9.449609083,20.58552083,0.948402667,19.63711775,1.472248333,1.472247833,0,1.5555875,1.555588417,0,1.029276667,0.8722735,0.157005167,,105,284.2870333,189.7909433,94.49609083,205.8552083,9.484026667,196.3711775,14.72248333,14.72247833,0,15.555875,15.55588417,0,10.29276667,8.722735,1.570051667
106,28.38495583,19.0092255,9.375729333,20.6408475,0.98698275,19.6538655,1.803055833,1.80305475,0,1.779535833,1.779535417,0,1.269868333,1.09494,0.174928083,,106,283.8495583,190.092255,93.75729333,206.408475,9.8698275,196.538655,18.03055833,18.0305475,0,17.79535833,17.79535417,0,12.69868333,10.9494,1.749280833
107,28.34765417,19.048785,9.2988695,20.70898417,1.029961917,19.679022,1.923816667,1.92381825,0,1.902173333,1.902172,0,1.527278333,1.335240667,0.19203675,,107,283.4765417,190.48785,92.988695,207.0898417,10.29961917,196.79022,19.23816667,19.2381825,0,19.02173333,19.02172,0,15.27278333,13.35240667,1.9203675
108,28.38013083,19.16995617,9.210175417,20.76875833,1.06591375,19.70284425,2.1421,2.1421005,0,1.990993333,1.990993333,0,1.79599,1.571112333,0.224878667,,108,283.8013083,191.6995617,92.10175417,207.6875833,10.6591375,197.0284425,21.421,21.421005,0,19.90993333,19.90993333,0,17.9599,15.71112333,2.248786667
109,28.3450025,19.21879258,9.12620875,20.8300425,1.100002167,19.73004042,2.4837225,2.483722167,0,2.266103333,2.266103083,0,2.050248333,1.784928333,0.265321,,109,283.450025,192.1879258,91.2620875,208.300425,11.00002167,197.3004042,24.837225,24.83722167,0,22.66103333,22.66103083,0,20.50248333,17.84928333,2.65321
110,28.26011917,19.21513658,9.044982583,20.8791675,1.125753667,19.75341375,2.710968333,2.71097,0,2.567533333,2.567534083,0,2.127125,1.822035417,0.30509025,,110,282.6011917,192.1513658,90.44982583,208.791675,11.25753667,197.5341375,27.10968333,27.1097,0,25.67533333,25.67534083,0,21.27125,18.22035417,3.0509025
111,28.24228583,19.27246092,8.969825333,20.9365,1.152015917,19.78448417,2.878455,2.878454917,0,2.7896425,2.789641917,0,2.474578333,2.1390545,0.335522583,,111,282.4228583,192.7246092,89.69825333,209.365,11.52015917,197.8448417,28.78455,28.78454917,0,27.896425,27.89641917,0,24.74578333,21.390545,3.355225833
112,28.2655475,19.36851842,8.897029417,20.99720833,1.171666917,19.82554258,2.978555833,2.978556083,0,3.042489167,3.04248875,0,2.920205,2.570829667,0.349374667,,112,282.655475,193.6851842,88.97029417,209.9720833,11.71666917,198.2554258,29.78555833,29.78556083,0,30.42489167,30.4248875,0,29.20205,25.70829667,3.493746667
113,28.2903925,19.46453467,8.825856583,21.056075,1.184129,19.87194642,3.068191667,3.068190417,0,3.391015833,3.391015167,0,3.279113333,2.959602333,0.319512,,113,282.903925,194.6453467,88.25856583,210.56075,11.84129,198.7194642,30.68191667,30.68190417,0,33.91015833,33.91015167,0,32.79113333,29.59602333,3.19512
114,28.32600083,19.57204175,8.753959083,21.09943583,1.18603425,19.91340233,3.257506667,3.257506667,0,3.792016667,3.792016917,0,3.478926667,3.26171875,0.217207667,,114,283.2600083,195.7204175,87.53959083,210.9943583,11.8603425,199.1340233,32.57506667,32.57506667,0,37.92016667,37.92016917,0,34.78926667,32.6171875,2.172076667
115,28.29593583,19.61362675,8.68230975,21.132215,1.181073583,19.95114117,3.44139,3.441389417,0,4.135709167,4.13570775,0,3.59215,3.485967083,0.106184667,,115,282.9593583,196.1362675,86.8230975,211.32215,11.81073583,199.5114117,34.4139,34.41389417,0,41.35709167,41.3570775,0,35.9215,34.85967083,1.061846667
116,28.22517333,19.61388917,8.6112835,21.13411583,1.165529917,19.9685855,3.623634167,3.623634333,0,4.382205833,4.38220625,0,3.728970833,3.670739,0.05823125,,116,282.2517333,196.1388917,86.112835,211.3411583,11.65529917,199.685855,36.23634167,36.23634333,0,43.82205833,43.8220625,0,37.28970833,36.70739,0.5823125
117,28.19678667,19.6557915,8.540995667,21.15332917,1.1532605,20.00006867,3.779346667,3.7793445,0,4.553858333,4.553858333,0,3.9122375,3.878926833,0.033310083,,117,281.9678667,196.557915,85.40995667,211.5332917,11.532605,200.0006867,37.79346667,37.793445,0,45.53858333,45.53858333,0,39.122375,38.78926833,0.333100833
118,28.19663083,19.72492042,8.47171,21.218825,1.148215583,20.07060983,3.920638333,3.920638,0,4.69111,4.691109583,0,4.1526,4.14137125,0.011228333,,118,281.9663083,197.2492042,84.7171,212.18825,11.48215583,200.7060983,39.20638333,39.20638,0,46.9111,46.91109583,0,41.526,41.4137125,0.112283333
119,28.1513975,19.74868658,8.402711,21.2741875,1.137761667,20.136428,3.723525,3.723525667,0,4.812616667,4.812618667,0,4.39344,4.392192083,0.001248583,,119,281.513975,197.4868658,84.02711,212.741875,11.37761667,201.36428,37.23525,37.23525667,0,48.12616667,48.12618667,0,43.9344,43.92192083,0.012485833
120,28.06082833,19.72656158,8.334267,21.291805,1.118376833,20.17342808,0.086094167,0.086093833,0,4.953279167,4.953278583,0,4.647248333,4.647246667,0,,120,280.6082833,197.2656158,83.34267,212.91805,11.18376833,201.7342808,0.860941667,0.860938333,0,49.53279167,49.53278583,0,46.47248333,46.47246667,0
121,28.09649417,19.83087225,8.265621917,21.258375,1.09424675,20.16412858,0.160399167,0.1603995,0,5.150555833,5.1505545,0,4.729270833,4.7292705,0,,121,280.9649417,198.3087225,82.65621917,212.58375,10.9424675,201.6412858,1.603991667,1.603995,0,51.50555833,51.505545,0,47.29270833,47.292705,0
122,28.1072625,19.91040425,8.196858333,21.15622167,1.06695725,20.08926508,0.345723333,0.345724,0,5.314710833,5.314711417,0,4.842478333,4.842478833,0,,122,281.072625,199.1040425,81.96858333,211.5622167,10.6695725,200.8926508,3.457233333,3.45724,0,53.14710833,53.14711417,0,48.42478333,48.42478833,0
123,28.06722833,19.9387645,8.12846375,21.06079833,1.03065175,20.03014867,0.653339167,0.653338583,0,5.433151667,5.433151417,0,4.9493175,4.949317833,0,,123,280.6722833,199.387645,81.2846375,210.6079833,10.3065175,200.3014867,6.533391667,6.533385833,0,54.33151667,54.33151417,0,49.493175,49.49317833,0
124,28.04055083,19.97984067,8.060708417,20.99650417,0.974064167,20.0224395,1.041336667,1.041336417,0,5.542100833,5.542101167,0,5.081558333,5.081558917,0,,124,280.4055083,199.7984067,80.60708417,209.9650417,9.740641667,200.224395,10.41336667,10.41336417,0,55.42100833,55.42101167,0,50.81558333,50.81558917,0
125,28.00732,20.01474575,7.992575583,20.92204,0.8898825,20.03215742,1.431903333,1.431903583,0,5.646066667,5.6460665,0,5.26919,5.269189583,0,,125,280.0732,200.1474575,79.92575583,209.2204,8.898825,200.3215742,14.31903333,14.31903583,0,56.46066667,56.460665,0,52.6919,52.69189583,0
126,27.97709333,20.05944642,7.91764725,20.755185,0.793044083,19.96213942,1.744758333,1.744758667,0,5.749730833,5.749730583,0,5.447195833,5.447197583,0,,126,279.7709333,200.5944642,79.1764725,207.55185,7.930440833,199.6213942,17.44758333,17.44758667,0,57.49730833,57.49730583,0,54.47195833,54.47197583,0
127,27.98131667,20.13422642,7.847089667,20.56715333,0.721732167,19.84542125,1.84612,1.84611975,0,5.8566525,5.856652,0,5.578675,5.578673917,0,,127,279.8131667,201.3422642,78.47089667,205.6715333,7.217321667,198.4542125,18.4612,18.4611975,0,58.566525,58.56652,0,55.78675,55.78673917,0
128,27.91899167,20.14116092,7.777830833,20.33889917,0.686181583,19.65271567,2.008386667,2.008387917,0,5.9692925,5.96929325,0,5.679161667,5.679161833,0,,128,279.1899167,201.4116092,77.77830833,203.3889917,6.861815833,196.5271567,20.08386667,20.08387917,0,59.692925,59.6929325,0,56.79161667,56.79161833,0
129,27.8529275,20.14139083,7.7115365,20.17400917,0.676620083,19.4973885,2.3375775,2.337577083,0,6.086425833,6.086426083,0,5.777894167,5.777894833,0,,129,278.529275,201.4139083,77.115365,201.7400917,6.766200833,194.973885,23.375775,23.37577083,0,60.86425833,60.86426083,0,57.77894167,57.77894833,0
130,27.79624583,20.15233,7.64391625,19.98364833,0.678963917,19.30468558,2.6549225,2.654922667,0,6.229204167,6.229202583,0,5.878226667,5.87822525,0,,130,277.9624583,201.5233,76.4391625,199.8364833,6.789639167,193.0468558,26.549225,26.54922667,0,62.29204167,62.29202583,0,58.78226667,58.7822525,0
131,27.6853325,20.11024117,7.575091417,19.82011333,0.691923,19.12819,2.790429167,2.790431167,0,6.358966667,6.358965917,0,5.984208333,5.984208667,0,,131,276.853325,201.1024117,75.75091417,198.2011333,6.91923,191.2819,27.90429167,27.90431167,0,63.58966667,63.58965917,0,59.84208333,59.84208667,0
132,27.6631725,20.15718842,7.5059835,19.67024,0.70819375,18.96204442,2.682321667,2.682321083,0,6.5965725,6.596571833,0,6.097440833,6.097442333,0,,132,276.631725,201.5718842,75.059835,196.7024,7.0819375,189.6204442,26.82321667,26.82321083,0,65.965725,65.96571833,0,60.97440833,60.97442333,0
133,27.6323225,20.19360583,7.4387165,19.5140575,0.730943583,18.78311342,2.910615,2.910615667,0,6.803689167,6.803688083,0,6.2177525,6.217752667,0,,133,276.323225,201.9360583,74.387165,195.140575,7.309435833,187.8311342,29.10615,29.10615667,0,68.03689167,68.03688083,0,62.177525,62.17752667,0
134,27.55671083,20.18477967,7.371929667,19.37074083,0.754982333,18.6157585,3.217881667,3.217880417,0,6.955558333,6.95555725,0,6.337296667,6.337297417,0,,134,275.5671083,201.8477967,73.71929667,193.7074083,7.549823333,186.157585,32.17881667,32.17880417,0,69.55558333,69.5555725,0,63.37296667,63.37297417,0
135,27.50912167,20.20430742,7.30481575,19.3074125,0.785071583,18.52234,3.417925,3.417926833,0,7.085783333,7.085783083,0,6.484981667,6.484981583,0,,135,275.0912167,202.0430742,73.0481575,193.074125,7.850715833,185.2234,34.17925,34.17926833,0,70.85783333,70.85783083,0,64.84981667,64.84981583,0
136,27.4514275,20.21815642,7.233271167,19.3213925,0.815603417,18.50578992,3.600628333,3.600627667,0,7.19992,7.199919583,0,6.5751475,6.57514825,0,,136,274.514275,202.1815642,72.33271167,193.213925,8.156034167,185.0578992,36.00628333,36.00627667,0,71.9992,71.99919583,0,65.751475,65.7514825,0
137,27.4010875,20.24139892,7.15968825,19.34752,0.8514085,18.49611067,3.785545833,3.785546583,0,7.310226667,7.31022675,0,6.803578333,6.803578667,0,,137,274.010875,202.4139892,71.5968825,193.4752,8.514085,184.9611067,37.85545833,37.85546583,0,73.10226667,73.1022675,0,68.03578333,68.03578667,0
138,27.30604167,20.21654742,7.089494417,19.3731975,0.886805667,18.48639258,3.940146667,3.940146917,0,7.417071667,7.417071667,0,7.010861667,7.010860667,0,,138,273.0604167,202.1654742,70.89494417,193.731975,8.868056667,184.8639258,39.40146667,39.40146917,0,74.17071667,74.17071667,0,70.10861667,70.10860667,0
139,27.21253833,20.19001483,7.02252425,19.4046275,0.927958667,18.47667108,3.732590833,3.732589167,0,7.52356,7.523559417,0,7.164555833,7.164554917,0,,139,272.1253833,201.9001483,70.2252425,194.046275,9.279586667,184.7667108,37.32590833,37.32589167,0,75.2356,75.23559417,0,71.64555833,71.64554917,0
140,27.1627575,20.205901,6.956857083,19.43625833,0.969254667,18.467004,0.082433333,0.0824325,0,7.6340075,7.634007583,0,7.299489167,7.299489333,0,,140,271.627575,202.05901,69.56857083,194.3625833,9.692546667,184.67004,0.824333333,0.824325,0,76.340075,76.34007583,0,72.99489167,72.99489333,0
141,27.12026417,20.228325,6.89193875,19.47431083,1.01659875,18.45771125,0.154004167,0.154003083,0,7.745650833,7.745651583,0,7.420111667,7.420111667,0,,141,271.2026417,202.28325,68.9193875,194.7431083,10.1659875,184.5771125,1.540041667,1.540030833,0,77.45650833,77.45651583,0,74.20111667,74.20111667,0
142,27.13329833,20.30599483,6.827304833,19.5060725,1.063491583,18.44258017,0.3333225,0.333321583,0,7.8472575,7.84725725,0,7.5381325,7.53813275,0,,142,271.3329833,203.0599483,68.27304833,195.060725,10.63491583,184.4258017,3.333225,3.333215833,0,78.472575,78.4725725,0,75.381325,75.3813275,0
143,27.08627083,20.32426125,6.76201025,19.54119333,1.116910667,18.42428225,0.636054167,0.636054833,0,7.9367775,7.936777667,0,7.64881,7.648810167,0,,143,270.8627083,203.2426125,67.6201025,195.4119333,11.16910667,184.2428225,6.360541667,6.360548333,0,79.367775,79.36777667,0,76.4881,76.48810167,0
144,27.0008925,20.30292608,6.697967167,19.57016167,1.169574333,18.40058717,1.030993333,1.030993667,0,8.032358333,8.03235925,0,7.754400833,7.75440225,0,,144,270.008925,203.0292608,66.97967167,195.7016167,11.69574333,184.0058717,10.30993333,10.30993667,0,80.32358333,80.3235925,0,77.54400833,77.5440225,0
145,26.9533675,20.31802,6.635347667,19.60525083,1.22949575,18.37575458,1.4357125,1.43571025,0,8.149463333,8.149462,0,7.860506667,7.8605075,0,,145,269.533675,203.1802,66.35347667,196.0525083,12.2949575,183.7575458,14.357125,14.3571025,0,81.49463333,81.49462,0,78.60506667,78.605075,0
146,26.906435,20.33418192,6.5722525,19.63444417,1.287512917,18.34692992,1.768665,1.768665083,0,8.262895833,8.262896083,0,7.973295833,7.97329575,0,,146,269.06435,203.3418192,65.722525,196.3444417,12.87512917,183.4692992,17.68665,17.68665083,0,82.62895833,82.62896083,0,79.73295833,79.7329575,0
147,26.877275,20.36682308,6.510451583,19.66758917,1.3508305,18.31675825,1.8880575,1.888058917,0,8.368115833,8.368116167,0,8.081365833,8.081366083,0,,147,268.77275,203.6682308,65.10451583,196.6758917,13.508305,183.1675825,18.880575,18.88058917,0,83.68115833,83.68116167,0,80.81365833,80.81366083,0
148,26.82882667,20.38036567,6.448459583,19.691135,1.408853167,18.28228283,2.097696667,2.097696,0,8.476544167,8.476543167,0,8.180186667,8.180185833,0,,148,268.2882667,203.8036567,64.48459583,196.91135,14.08853167,182.8228283,20.97696667,20.97696,0,84.76544167,84.76543167,0,81.80186667,81.80185833,0
149,26.72555667,20.33843108,6.387126417,19.72014417,1.472508667,18.24763442,2.429380833,2.429380833,0,8.606795,8.606795667,0,8.271540833,8.271541,0,,149,267.2555667,203.3843108,63.87126417,197.2014417,14.72508667,182.4763442,24.29380833,24.29380833,0,86.06795,86.06795667,0,82.71540833,82.71541,0
150,26.7076375,20.38073983,6.32689825,19.7437825,1.53327875,18.21050258,2.626934167,2.626934417,0,0.1730075,0.173008083,0,8.37393,8.373929833,0,,150,267.076375,203.8073983,63.2689825,197.437825,15.3327875,182.1050258,26.26934167,26.26934417,0,1.730075,1.730080833,0,83.7393,83.73929833,0
151,26.75731917,20.49077933,6.266538917,19.7684575,1.596074667,18.17238367,2.730060833,2.730061333,0,0.26779,0.267790583,0,8.495045,8.495045333,0,,151,267.5731917,204.9077933,62.66538917,197.684575,15.96074667,181.7238367,27.30060833,27.30061333,0,2.6779,2.677905833,0,84.95045,84.95045333,0
152,26.7616475,20.5576695,6.203978,19.77887333,1.649169667,18.12970567,2.8905475,2.89054775,0,0.545405,0.545405583,0,8.604904167,8.6049035,0,,152,267.616475,205.576695,62.03978,197.7887333,16.49169667,181.2970567,28.905475,28.9054775,0,5.45405,5.454055833,0,86.04904167,86.049035,0
153,26.7876925,20.64576492,6.14192825,19.796055,1.706431583,18.08962192,3.083301667,3.083301333,0,0.923175833,0.923177,0,8.706240833,8.706241417,0,,153,267.876925,206.4576492,61.4192825,197.96055,17.06431583,180.8962192,30.83301667,30.83301333,0,9.231758333,9.23177,0,87.06240833,87.06241417,0
154,26.77759833,20.69752183,6.0800765,19.809305,1.758902667,18.05040308,3.251284167,3.251283083,0,1.276288333,1.276286333,0,8.8051775,8.805178667,0,,154,267.7759833,206.9752183,60.800765,198.09305,17.58902667,180.5040308,32.51284167,32.51283083,0,12.76288333,12.76286333,0,88.051775,88.05178667,0
155,26.75602667,20.73615733,6.01986975,19.82316083,1.810282083,18.01287925,3.448795,3.448794667,0,1.5409925,1.540992333,0,8.929489167,8.929488833,0,,155,267.5602667,207.3615733,60.1986975,198.2316083,18.10282083,180.1287925,34.48795,34.48794667,0,15.409925,15.40992333,0,89.29489167,89.29488833,0
156,26.77699583,20.817978,5.9590155,19.82230333,1.8499135,17.97239067,3.615528333,3.615530917,0,1.778195,1.778195167,0,9.0424225,9.04242425,0,,156,267.7699583,208.17978,59.590155,198.2230333,18.499135,179.7239067,36.15528333,36.15530917,0,17.78195,17.78195167,0,90.424225,90.4242425,0
157,26.81347,20.91426033,5.899209333,19.8298975,1.892305333,17.93759308,3.754048333,3.75404775,0,1.909321667,1.9093215,0,9.147366667,9.147367,0,,157,268.1347,209.1426033,58.99209333,198.298975,18.92305333,179.3759308,37.54048333,37.5404775,0,19.09321667,19.093215,0,91.47366667,91.47367,0
158,26.82179833,20.98201117,5.839787083,19.83558417,1.929656917,17.90592733,3.870466667,3.870466667,0,2.105865,2.105865333,0,9.238661667,9.23866175,0,,158,268.2179833,209.8201117,58.39787083,198.3558417,19.29656917,179.0592733,38.70466667,38.70466667,0,21.05865,21.05865333,0,92.38661667,92.3866175,0
159,26.85348167,21.07318767,5.780294,19.84224083,1.9640845,17.8781555,3.655385833,3.65538575,0,2.276930833,2.276929417,0,9.327796667,9.327795917,0,,159,268.5348167,210.7318767,57.80294,198.4224083,19.640845,178.781555,36.55385833,36.5538575,0,22.76930833,22.76929417,0,93.27796667,93.27795917,0
160,26.8184175,21.09693333,5.721485417,19.83600083,1.985810083,17.85019117,0.086261667,0.08626125,0,2.565513333,2.56551325,0,9.435784167,9.435783917,0,,160,268.184175,210.9693333,57.21485417,198.3600083,19.85810083,178.5019117,0.862616667,0.8626125,0,25.65513333,25.6551325,0,94.35784167,94.35783917,0
161,26.73035333,21.06736233,5.662990667,19.839375,2.008453917,17.83092183,0.161008333,0.16101075,0,2.773640833,2.773640917,0,9.5742475,9.574248583,0,,161,267.3035333,210.6736233,56.62990667,198.39375,20.08453917,178.3092183,1.610083333,1.6101075,0,27.73640833,27.73640917,0,95.742475,95.74248583,0
162,26.7197325,21.11660542,5.60312725,19.84522917,2.026976333,17.81825292,0.3463775,0.3463765,0,2.991065833,2.991066417,0,9.701553333,9.701553167,0,,162,267.197325,211.1660542,56.0312725,198.4522917,20.26976333,178.1825292,3.463775,3.463765,0,29.91065833,29.91066417,0,97.01553333,97.01553167,0
163,26.74703,21.204624,5.5424065,19.85192667,2.040583667,17.8113425,0.656704167,0.656705,0,3.292529167,3.292529083,0,9.817929167,9.817928917,0,,163,267.4703,212.04624,55.424065,198.5192667,20.40583667,178.113425,6.567041667,6.56705,0,32.92529167,32.92529083,0,98.17929167,98.17928917,0
164,26.77216083,21.2893535,5.482806,19.84757583,2.04247775,17.80509833,1.0559525,1.05595175,0,3.624761667,3.624761833,0,9.939745833,9.939745667,0,,164,267.7216083,212.893535,54.82806,198.4757583,20.4247775,178.0509833,10.559525,10.5595175,0,36.24761667,36.24761833,0,99.39745833,99.39745667,0
165,26.7352925,21.31016425,5.425127667,19.853805,2.044197667,17.80960625,1.463334167,1.463334,0,3.955860833,3.955860167,0,9.757170833,9.757170167,0,,165,267.352925,213.1016425,54.25127667,198.53805,20.44197667,178.0960625,14.63334167,14.63334,0,39.55860833,39.55860167,0,97.57170833,97.57170167,0
166,26.73323083,21.36449983,5.368731583,19.86728417,2.043362083,17.82392142,1.798585833,1.798587083,0,4.33162,4.331620583,0,9.736359167,9.736360333,0,,166,267.3323083,213.6449983,53.68731583,198.6728417,20.43362083,178.2392142,17.98585833,17.98587083,0,43.3162,43.31620583,0,97.36359167,97.36360333,0
167,26.737565,21.4242965,5.313268417,19.88061417,2.036160917,17.84445175,1.92615,1.926149917,0,4.637433333,4.637433,0,9.727255833,9.727256167,0,,167,267.37565,214.242965,53.13268417,198.8061417,20.36160917,178.4445175,19.2615,19.26149917,0,46.37433333,46.37433,0,97.27255833,97.27256167,0
168,26.68305167,21.424448,5.25860275,19.88307,2.019128583,17.86394158,2.145879167,2.145878,0,4.863595833,4.863594417,0,9.699623333,9.699623,0,,168,266.8305167,214.24448,52.5860275,198.8307,20.19128583,178.6394158,21.45879167,21.45878,0,48.63595833,48.63594417,0,96.99623333,96.99623,0
169,26.66347667,21.4601975,5.20327975,19.88116083,1.9869865,17.89417367,2.483348333,2.483349333,0,5.026599167,5.026598,0,9.6727225,9.67272425,0,,169,266.6347667,214.601975,52.0327975,198.8116083,19.869865,178.9417367,24.83348333,24.83349333,0,50.26599167,50.26598,0,96.727225,96.7272425,0
170,26.685245,21.54108858,5.144156917,19.88256083,1.94034575,17.94221542,2.701395,2.7013955,0,5.185858333,5.185857083,0,9.728884167,9.728884917,0,,170,266.85245,215.4108858,51.44156917,198.8256083,19.4034575,179.4221542,27.01395,27.013955,0,51.85858333,51.85857083,0,97.28884167,97.28884917,0
171,26.60800583,21.52241667,5.085589583,19.90666833,1.895665667,18.01100333,2.813550833,2.813551,0,5.390873333,5.390874083,0,9.963860833,9.963861,0,,171,266.0800583,215.2241667,50.85589583,199.0666833,18.95665667,180.1100333,28.13550833,28.13551,0,53.90873333,53.90874083,0,99.63860833,99.63861,0
172,26.53846833,21.5107635,5.02770525,19.91148833,1.840866917,18.07062183,2.926419167,2.92641925,0,5.573144167,5.57314525,0,10.05607167,10.05607108,0,,172,265.3846833,215.107635,50.2770525,199.1148833,18.40866917,180.7062183,29.26419167,29.2641925,0,55.73144167,55.7314525,0,100.5607167,100.5607108,0
173,26.55591917,21.58550525,4.97041475,19.88740583,1.77576425,18.11164233,3.112658333,3.11265825,0,5.711515833,5.711513833,0,10.1074575,10.10745675,0,,173,265.5591917,215.8550525,49.7041475,198.8740583,17.7576425,181.1164233,31.12658333,31.1265825,0,57.11515833,57.11513833,0,101.074575,101.0745675,0
174,26.59657,21.68278708,4.91378225,19.83564333,1.701166,18.13447783,3.262053333,3.262053833,0,5.814020833,5.814021,0,10.28713,10.28712942,0,,174,265.9657,216.8278708,49.1378225,198.3564333,17.01166,181.3447783,32.62053333,32.62053833,0,58.14020833,58.14021,0,102.8713,102.8712942,0
175,26.61845667,21.76062725,4.85782925,19.77898083,1.61037525,18.16860475,3.3999975,3.39999775,0,5.913064167,5.91306475,0,10.52896,10.52896008,0,,175,266.1845667,217.6062725,48.5782925,197.7898083,16.1037525,181.6860475,33.999975,33.9999775,0,59.13064167,59.1306475,0,105.2896,105.2896008,0
176,26.59985917,21.79732075,4.8025385,19.70283417,1.496175083,18.20665933,3.548260833,3.54826,0,6.014733333,6.014734,0,10.55838667,10.55838658,0,,176,265.9985917,217.9732075,48.025385,197.0283417,14.96175083,182.0665933,35.48260833,35.4826,0,60.14733333,60.14734,0,105.5838667,105.5838658,0
177,26.58623333,21.84057717,4.745655417,19.58670667,1.347448333,18.23925933,3.739699167,3.739697917,0,6.117248333,6.117248417,0,10.56093667,10.5609375,0,,177,265.8623333,218.4057717,47.45655417,195.8670667,13.47448333,182.3925933,37.39699167,37.39697917,0,61.17248333,61.17248417,0,105.6093667,105.609375,0
178,26.60913667,21.920523,4.68861425,19.3473875,1.1923125,18.15507467,3.975025,3.975025,0,6.22782,6.227820083,0,10.70867167,10.70867167,0,,178,266.0913667,219.20523,46.8861425,193.473875,11.923125,181.5507467,39.75025,39.75025,0,62.2782,62.27820083,0,107.0867167,107.0867167,0
179,26.67020917,22.03775892,4.632449667,19.0840425,1.0913425,17.99269917,3.804635833,3.804635083,0,6.344791667,6.344789833,0,10.8986175,10.89861733,0,,179,266.7020917,220.3775892,46.32449667,190.840425,10.913425,179.9269917,38.04635833,38.04635083,0,63.44791667,63.44789833,0,108.986175,108.9861733,0
180,26.65265833,22.07540442,4.5772535,18.86808083,1.043920167,17.82416017,0.089511667,0.08951025,0,6.5012675,6.501267,0,10.9148425,10.9148425,0,,180,266.5265833,220.7540442,45.772535,188.6808083,10.43920167,178.2416017,0.895116667,0.8951025,0,65.012675,65.01267,0,109.148425,109.148425,0
181,26.5773,22.0539095,4.523391667,18.67416,1.0192685,17.65489158,0.171330833,0.171331167,0,6.632984167,6.632983667,0,10.94401417,10.94401317,0,,181,265.773,220.539095,45.23391667,186.7416,10.192685,176.5489158,1.713308333,1.713311667,0,66.32984167,66.32983667,0,109.4401417,109.4401317,0
182,26.52370583,22.053244,4.47046175,18.50002167,1.010034333,17.48998733,0.366459167,0.36645875,0,6.863559167,6.863560167,0,11.12298917,11.12298967,0,,182,265.2370583,220.53244,44.7046175,185.0002167,10.10034333,174.8998733,3.664591667,3.6645875,0,68.63559167,68.63560167,0,111.2298917,111.2298967,0
183,26.52068083,22.10279608,4.417885667,18.35435417,1.009638833,17.34471367,0.687365,0.687363667,0,7.069194167,7.06919425,0,11.33173417,11.33173317,0,,183,265.2068083,221.0279608,44.17885667,183.5435417,10.09638833,173.4471367,6.87365,6.873636667,0,70.69194167,70.6919425,0,113.3173417,113.3173317,0
184,26.513625,22.14807075,4.365554417,18.13608667,0.9929685,17.14311775,1.088930833,1.0889315,0,7.218991667,7.218990583,0,11.33921583,11.33921592,0,,184,265.13625,221.4807075,43.65554417,181.3608667,9.929685,171.4311775,10.88930833,10.889315,0,72.18991667,72.18990583,0,113.3921583,113.3921592,0
185,26.37344333,22.05985633,4.3135875,17.9599625,0.988237083,16.971726,1.4910875,1.491087167,0,7.348319167,7.3483205,0,11.34452667,11.344526,0,,185,263.7344333,220.5985633,43.135875,179.599625,9.882370833,169.71726,14.910875,14.91087167,0,73.48319167,73.483205,0,113.4452667,113.44526,0
186,26.24476583,21.98234633,4.262420833,17.86011417,0.998416,16.86169742,1.811343333,1.811343833,0,7.4603975,7.4603985,0,11.5208875,11.52088683,0,,186,262.4476583,219.8234633,42.62420833,178.6011417,9.98416,168.6169742,18.11343333,18.11343833,0,74.603975,74.603985,0,115.208875,115.2088683,0
187,26.23336333,22.021326,4.212036833,17.82575083,1.017193417,16.80855883,1.9100475,1.910046417,0,7.569308333,7.569308417,0,11.71612167,11.71612067,0,,187,262.3336333,220.21326,42.12036833,178.2575083,10.17193417,168.0855883,19.100475,19.10046417,0,75.69308333,75.69308417,0,117.1612167,117.1612067,0
188,26.2263325,22.06477875,4.161553167,17.84689833,1.0388945,16.80800508,2.067335833,2.067335667,0,7.672090833,7.672090917,0,11.71928417,11.71928508,0,,188,262.263325,220.6477875,41.61553167,178.4689833,10.388945,168.0800508,20.67335833,20.67335667,0,76.72090833,76.72090917,0,117.1928417,117.1928508,0
189,26.24236833,22.13094667,4.111421167,17.86942167,1.066916917,16.802504,2.389645,2.38964575,0,7.77645,7.776448833,0,11.72225167,11.72225133,0,,189,262.4236833,221.3094667,41.11421167,178.6942167,10.66916917,168.02504,23.89645,23.8964575,0,77.7645,77.76448833,0,117.2225167,117.2225133,0
190,26.17241667,22.11013192,4.0622845,17.88805083,1.096284,16.79176425,2.6917175,2.691718583,0,7.8856425,7.885642333,0,11.824215,11.82421608,0,,190,261.7241667,221.1013192,40.622845,178.8805083,10.96284,167.9176425,26.917175,26.91718583,0,78.856425,78.85642333,0,118.24215,118.2421608,0
191,26.0805325,22.06638617,4.014146583,17.92896083,1.1321445,16.7968175,2.806881667,2.806881833,0,7.989641667,7.989641917,0,11.8952325,11.89523083,0,,191,260.805325,220.6638617,40.14146583,179.2896083,11.321445,167.968175,28.06881667,28.06881833,0,79.89641667,79.89641917,0,118.952325,118.9523083,0
192,26.05470667,22.08783025,3.966876083,17.97168917,1.168529833,16.80316092,2.690535833,2.690536417,0,8.087555,8.087554917,0,12.080715,12.08071592,0,,192,260.5470667,220.8783025,39.66876083,179.7168917,11.68529833,168.0316092,26.90535833,26.90536417,0,80.87555,80.87554917,0,120.80715,120.8071592,0
193,26.01431333,22.09408967,3.92022325,18.03068083,1.211633917,16.81904658,2.917709167,2.917708667,0,8.18946,8.189459583,0,12.13937833,12.13937892,0,,193,260.1431333,220.9408967,39.2022325,180.3068083,12.11633917,168.1904658,29.17709167,29.17708667,0,81.8946,81.89459583,0,121.3937833,121.3937892,0
194,26.03369583,22.15958142,3.87411425,18.09278917,1.255133917,16.83765533,3.225876667,3.225876583,0,8.307238333,8.30723975,0,12.09191917,12.09191883,0,,194,260.3369583,221.5958142,38.7411425,180.9278917,12.55133917,168.3765533,32.25876667,32.25876583,0,83.07238333,83.0723975,0,120.9191917,120.9191883,0
195,26.0082925,22.17960433,3.828689,18.1504625,1.304815583,16.84564733,3.427644167,3.427644917,0,8.41544,8.415441333,0,12.16800083,12.16800292,0,,195,260.082925,221.7960433,38.28689,181.504625,13.04815583,168.4564733,34.27644167,34.27644917,0,84.1544,84.15441333,0,121.6800083,121.6800292,0
196,25.92742667,22.14358892,3.783839833,18.20577583,1.353664333,16.85211233,3.611653333,3.611652583,0,8.5094375,8.509437333,0,12.2071425,12.20714208,0,,196,259.2742667,221.4358892,37.83839833,182.0577583,13.53664333,168.5211233,36.11653333,36.11652583,0,85.094375,85.09437333,0,122.071425,122.0714208,0
197,25.88969167,22.15024267,3.739448,18.27000083,1.409261333,16.86074033,3.7997725,3.799773083,0,8.615509167,8.615508917,0,12.39122333,12.39122458,0,,197,258.8969167,221.5024267,37.39448,182.7000083,14.09261333,168.6074033,37.997725,37.99773083,0,86.15509167,86.15508917,0,123.9122333,123.9122458,0
198,25.85417083,22.15862708,3.695543917,18.3306875,1.464203917,16.8664845,3.948758333,3.948759417,0,8.735603333,8.735603083,0,12.465265,12.46526483,0,,198,258.5417083,221.5862708,36.95543917,183.306875,14.64203917,168.664845,39.48758333,39.48759417,0,87.35603333,87.35603083,0,124.65265,124.6526483,0
199,25.88094333,22.22885217,3.652092,18.3936775,1.52429225,16.86938425,3.739649167,3.739649083,0,8.847155833,8.847154917,0,12.41558917,12.41558925,0,,199,258.8094333,222.2885217,36.52092,183.936775,15.2429225,168.6938425,37.39649167,37.39649083,0,88.47155833,88.47154917,0,124.1558917,124.1558925,0
200,25.9044475,22.29537717,3.609071083,18.4433625,1.578932333,16.86442942,0.084059167,0.08406025,0,0.16985,0.169850583,0,0.267743333,0.267742417,0,,200,259.044475,222.9537717,36.09071083,184.433625,15.78932333,168.6442942,0.840591667,0.8406025,0,1.6985,1.698505833,0,2.677433333,2.677424167,0
201,25.8643375,22.29791117,3.566427083,18.4966025,1.638965917,16.85763433,0.155973333,0.15597275,0,0.262264167,0.262263833,0,0.44698,0.4469805,0,,201,258.643375,222.9791117,35.66427083,184.966025,16.38965917,168.5763433,1.559733333,1.5597275,0,2.622641667,2.622638333,0,4.4698,4.469805,0
202,25.87706583,22.35386975,3.523195083,18.5441,1.693204667,16.85089508,0.337609167,0.337608583,0,0.535249167,0.535250083,0,0.768356667,0.768356,0,,202,258.7706583,223.5386975,35.23195083,185.441,16.93204667,168.5089508,3.376091667,3.376085833,0,5.352491667,5.352500833,0,7.683566667,7.68356,0
203,25.840465,22.36038592,3.480080667,18.59265917,1.745617417,16.84704183,0.6439,0.643898917,0,0.907084167,0.907084167,0,1.075145833,1.07514625,0,,203,258.40465,223.6038592,34.80080667,185.9265917,17.45617417,168.4704183,6.439,6.438989167,0,9.070841667,9.070841667,0,10.75145833,10.7514625,0
204,25.80677333,22.36895367,3.437819667,18.62499917,1.79023725,16.83476267,1.0394925,1.039492833,0,1.253880833,1.253880917,0,1.3825525,1.382553,0,,204,258.0677333,223.6895367,34.37819667,186.2499917,17.9023725,168.3476267,10.394925,10.39492833,0,12.53880833,12.53880917,0,13.825525,13.82553,0
205,25.6840075,22.28777483,3.39623225,18.66271,1.841057833,16.82165075,1.442283333,1.442283167,0,1.515275,1.5152755,0,1.675288333,1.6752875,0,,205,256.840075,222.8777483,33.9623225,186.6271,18.41057833,168.2165075,14.42283333,14.42283167,0,15.15275,15.152755,0,16.75288333,16.752875,0
206,25.65833917,22.30309192,3.355249333,18.69549917,1.8889955,16.80650392,1.770181667,1.770181,0,1.751565833,1.751565,0,1.826009167,1.826008833,0,,206,256.5833917,223.0309192,33.55249333,186.9549917,18.889955,168.0650392,17.70181667,17.70181,0,17.51565833,17.51565,0,18.26009167,18.26008833,0
207,25.67108667,22.35639125,3.314695583,18.72725583,1.936831333,16.79042433,1.883636667,1.883637417,0,1.8758425,1.875840417,0,1.9982475,1.998247417,0,,207,256.7108667,223.5639125,33.14695583,187.2725583,19.36831333,167.9042433,18.83636667,18.83637417,0,18.758425,18.75840417,0,19.982475,19.98247417,0
208,25.66374167,22.38985125,3.273888833,18.74308667,1.97263625,16.77045233,2.093309167,2.09330875,0,2.069473333,2.0694735,0,2.20955,2.209550667,0,,208,256.6374167,223.8985125,32.73888833,187.4308667,19.7263625,167.7045233,20.93309167,20.9330875,0,20.69473333,20.694735,0,22.0955,22.09550667,0
209,25.69785167,22.46403425,3.233817417,18.7659725,2.013494083,16.75247942,2.425463333,2.425462417,0,2.221973333,2.221972917,0,2.383441667,2.38344125,0,,209,256.9785167,224.6403425,32.33817417,187.659725,20.13494083,167.5247942,24.25463333,24.25462417,0,22.21973333,22.21972917,0,23.83441667,23.8344125,0
210,25.73698833,22.54242992,3.19455825,18.78584917,2.051043,16.73480608,2.623745833,2.623746333,0,2.5300825,2.530081583,0,2.5587375,2.558738583,0,,210,257.3698833,225.4242992,31.9455825,187.8584917,20.51043,167.3480608,26.23745833,26.23746333,0,25.300825,25.30081583,0,25.587375,25.58738583,0
211,25.75580833,22.59992117,3.155886667,18.80575833,2.087792583,16.71796633,2.726881667,2.726881667,0,2.750145833,2.75014625,0,2.7810275,2.781027417,0,,211,257.5580833,225.9992117,31.55886667,188.0575833,20.87792583,167.1796633,27.26881667,27.26881667,0,27.50145833,27.5014625,0,27.810275,27.81027417,0
212,25.73818417,22.62041717,3.117765833,18.81194,2.113028417,16.698912,2.885870833,2.88587025,0,2.9141175,2.914117083,0,2.988960833,2.988959167,0,,212,257.3818417,226.2041717,31.17765833,188.1194,21.13028417,166.98912,28.85870833,28.8587025,0,29.141175,29.14117083,0,29.88960833,29.88959167,0
213,25.76113167,22.68092633,3.080205583,18.826365,2.142166583,16.684199,3.076256667,3.07625675,0,3.216998333,3.216998833,0,3.239566667,3.239566583,0,,213,257.6113167,226.8092633,30.80205583,188.26365,21.42166583,166.84199,30.76256667,30.7625675,0,32.16998333,32.16998833,0,32.39566667,32.39566583,0
214,25.693765,22.6507135,3.043050667,18.84078667,2.1674415,16.67334567,3.247196667,3.247197167,0,3.556939167,3.556938583,0,3.5644825,3.564483167,0,,214,256.93765,226.507135,30.43050667,188.4078667,21.674415,166.7334567,32.47196667,32.47197167,0,35.56939167,35.56938583,0,35.644825,35.64483167,0
215,25.57451083,22.5682125,3.006298667,18.85551083,2.190148333,16.6653625,3.444819167,3.444819833,0,3.890883333,3.890884,0,3.950455833,3.950455417,0,,215,255.7451083,225.682125,30.06298667,188.5551083,21.90148333,166.653625,34.44819167,34.44819833,0,38.90883333,38.90884,0,39.50455833,39.50455417,0
216,25.59677667,22.62682908,2.969947833,18.85744917,2.201508583,16.65594017,3.611390833,3.611389417,0,4.273393333,4.273392917,0,4.248065,4.248063917,0,,216,255.9677667,226.2682908,29.69947833,188.5744917,22.01508583,166.5594017,36.11390833,36.11389417,0,42.73393333,42.73392917,0,42.48065,42.48063917,0
217,25.65042167,22.71643508,2.933986083,18.85894917,2.209991667,16.64895775,3.750036667,3.75003575,0,4.594391667,4.594392333,0,4.463415833,4.46341575,0,,217,256.5042167,227.1643508,29.33986083,188.5894917,22.09991667,166.4895775,37.50036667,37.5003575,0,45.94391667,45.94392333,0,44.63415833,44.6341575,0
218,25.67747667,22.77907792,2.898398917,18.84741,2.2086145,16.63879475,3.865939167,3.86593975,0,4.822599167,4.82259875,0,4.644816667,4.644816083,0,,218,256.7747667,227.7907792,28.98398917,188.4741,22.086145,166.3879475,38.65939167,38.6593975,0,48.22599167,48.2259875,0,46.44816667,46.44816083,0
219,25.6530025,22.78979742,2.863206667,18.85271917,2.211991417,16.640728,3.6498075,3.64980725,0,4.9881925,4.988192667,0,4.811553333,4.81155425,0,,219,256.530025,227.8979742,28.63206667,188.5271917,22.11991417,166.40728,36.498075,36.4980725,0,49.881925,49.88192667,0,48.11553333,48.1155425,0
220,25.68163917,22.85323825,2.828401583,18.873225,2.215640833,16.65758458,0.0863725,0.08637275,0,5.149405833,5.149406083,0,5.014514167,5.014512667,0,,220,256.8163917,228.5323825,28.28401583,188.73225,22.15640833,166.5758458,0.863725,0.8637275,0,51.49405833,51.49406083,0,50.14514167,50.14512667,0
221,25.686045,22.89203067,2.794013917,18.89418583,2.2151805,16.67900533,0.161283333,0.161283417,0,5.353545,5.353544833,0,5.198889167,5.19888875,0,,221,256.86045,228.9203067,27.94013917,188.9418583,22.151805,166.7900533,1.612833333,1.612834167,0,53.53545,53.53544833,0,51.98889167,51.9888875,0
222,25.63717,22.87709358,2.760075917,18.902695,2.204401833,16.69829467,0.346748333,0.346747167,0,5.533280833,5.5332805,0,5.3489475,5.348946333,0,,222,256.3717,228.7709358,27.60075917,189.02695,22.04401833,166.9829467,3.467483333,3.467471667,0,55.33280833,55.332805,0,53.489475,53.48946333,0
223,25.63874583,22.91223875,2.726506583,18.907215,2.188510583,16.7187035,0.656773333,0.65677175,0,5.673155833,5.67315575,0,5.193956667,5.193957083,0,,223,256.3874583,229.1223875,27.26506583,189.07215,21.88510583,167.187035,6.567733333,6.5677175,0,56.73155833,56.7315575,0,51.93956667,51.93957083,0
224,25.57523667,22.88194792,2.693287917,18.89193333,2.163509583,16.72842317,1.055819167,1.055818667,0,5.774069167,5.774069917,0,5.193685833,5.193685417,0,,224,255.7523667,228.8194792,26.93287917,188.9193333,21.63509583,167.2842317,10.55819167,10.55818667,0,57.74069167,57.74069917,0,51.93685833,51.93685417,0
225,25.52464833,22.86422542,2.660424,18.8620775,2.13373125,16.72834675,1.4631,1.463100083,0,5.8721375,5.872137,0,5.411423333,5.411423583,0,,225,255.2464833,228.6422542,26.60424,188.620775,21.3373125,167.2834675,14.631,14.63100083,0,58.721375,58.72137,0,54.11423333,54.11423583,0
226,25.52357917,22.895663,2.627914833,18.80301917,2.09692,16.70609858,1.7978625,1.79786225,0,5.976086667,5.976089083,0,5.667174167,5.667175,0,,226,255.2357917,228.95663,26.27914833,188.0301917,20.9692,167.0609858,17.978625,17.9786225,0,59.76086667,59.76089083,0,56.67174167,56.67175,0
227,25.49799667,22.90224958,2.595747333,18.72096417,2.058147083,16.66281525,1.9255825,1.925581333,0,6.081014167,6.08101275,0,5.581434167,5.581433583,0,,227,254.9799667,229.0224958,25.95747333,187.2096417,20.58147083,166.6281525,19.255825,19.25581333,0,60.81014167,60.8101275,0,55.81434167,55.81433583,0
228,25.3692025,22.80525708,2.56394575,18.60136917,2.018907333,16.58246125,2.145246667,2.145246,0,6.194104167,6.194105917,0,5.662155,5.6621565,0,,228,253.692025,228.0525708,25.6394575,186.0136917,20.18907333,165.8246125,21.45246667,21.45246,0,61.94104167,61.94105917,0,56.62155,56.621565,0
229,25.27091167,22.73833292,2.5325785,18.48396917,1.98348975,16.50047842,2.482506667,2.4825065,0,6.31014,6.310140083,0,5.952680833,5.952681583,0,,229,252.7091167,227.3833292,25.325785,184.8396917,19.8348975,165.0047842,24.82506667,24.825065,0,63.1014,63.10140083,0,59.52680833,59.52681583,0
230,25.2257075,22.724148,2.50155975,18.36480333,1.949220833,16.415583,2.700775833,2.700775667,0,6.448831667,6.448831167,0,6.310618333,6.310618333,0,,230,252.257075,227.24148,25.0155975,183.6480333,19.49220833,164.15583,27.00775833,27.00775667,0,64.48831667,64.48831167,0,63.10618333,63.10618333,0
231,25.20626667,22.73539225,2.470874333,18.21931667,1.916745333,16.30257025,2.812055,2.812055083,0,6.583273333,6.583274167,0,6.63312,6.633120583,0,,231,252.0626667,227.3539225,24.70874333,182.1931667,19.16745333,163.0257025,28.12055,28.12055083,0,65.83273333,65.83274167,0,66.3312,66.33120583,0
232,25.15663167,22.71611267,2.440518583,18.09836417,1.880838417,16.21752542,2.923216667,2.923216167,0,6.820911667,6.820911833,0,6.889680833,6.889682,0,,232,251.5663167,227.1611267,24.40518583,180.9836417,18.80838417,162.1752542,29.23216667,29.23216167,0,68.20911667,68.20911833,0,68.89680833,68.89682,0
233,25.07317083,22.66268458,2.41048525,18.01442667,1.8314785,16.18294775,3.1105375,3.110537917,0,7.028940833,7.028940167,0,7.074246667,7.07424675,0,,233,250.7317083,226.6268458,24.1048525,180.1442667,18.314785,161.8294775,31.105375,31.10537917,0,70.28940833,70.28940167,0,70.74246667,70.7424675,0
234,25.05337333,22.67259217,2.380781,17.9495775,1.7615395,16.1880385,3.265864167,3.265864,0,7.180501667,7.180502833,0,7.2671625,7.267163333,0,,234,250.5337333,226.7259217,23.80781,179.495775,17.615395,161.880385,32.65864167,32.65864,0,71.80501667,71.80502833,0,72.671625,72.67163333,0
235,25.03652917,22.68619883,2.350330833,17.91452833,1.712913333,16.20161558,3.407909167,3.407909833,0,7.311413333,7.311413167,0,7.440083333,7.44008375,0,,235,250.3652917,226.8619883,23.50330833,179.1452833,17.12913333,162.0161558,34.07909167,34.07909833,0,73.11413333,73.11413167,0,74.40083333,74.4008375,0
236,25.0719375,22.75328358,2.318655333,17.90948667,1.693944667,16.21554208,3.549333333,3.549335083,0,7.424561667,7.424560583,0,7.597793333,7.597793667,0,,236,250.719375,227.5328358,23.18655333,179.0948667,16.93944667,162.1554208,35.49333333,35.49335083,0,74.24561667,74.24560583,0,75.97793333,75.97793667,0
237,25.03790417,22.75036967,2.287535333,17.92934667,1.69770325,16.23164175,3.741245,3.741245417,0,7.5331975,7.53319625,0,7.750430833,7.750430417,0,,237,250.3790417,227.5036967,22.87535333,179.2934667,16.9770325,162.3164175,37.41245,37.41245417,0,75.331975,75.3319625,0,77.50430833,77.50430417,0
238,24.94517083,22.688352,2.256817167,17.95857333,1.712016917,16.246557,3.971289167,3.971289917,0,7.636435,7.636434833,0,7.721969167,7.721969333,0,,238,249.4517083,226.88352,22.56817167,179.5857333,17.12016917,162.46557,39.71289167,39.71289917,0,76.36435,76.36434833,0,77.21969167,77.21969333,0
239,24.91834417,22.69187958,2.226464333,17.99604417,1.738593167,16.25745167,3.802906667,3.802905417,0,7.740845,7.74084475,0,7.858341667,7.85834175,0,,239,249.1834417,226.9187958,22.26464333,179.9604417,17.38593167,162.5745167,38.02906667,38.02905417,0,77.40845,77.4084475,0,78.58341667,78.5834175,0
240,24.91753167,22.72100983,2.196522917,18.02873417,1.767849,16.26088667,0.089250833,0.089251167,0,7.850149167,7.850149,0,8.07103,8.07103025,0,,240,249.1753167,227.2100983,21.96522917,180.2873417,17.67849,162.6088667,0.892508333,0.892511667,0,78.50149167,78.50149,0,80.7103,80.7103025,0
241,24.963325,22.79634417,2.166979917,18.06591583,1.806937333,16.258977,0.171013333,0.171013833,0,7.955261667,7.955264083,0,8.328963333,8.3289635,0,,241,249.63325,227.9634417,21.66979917,180.6591583,18.06937333,162.58977,1.710133333,1.710138333,0,79.55261667,79.55264083,0,83.28963333,83.289635,0
242,24.96813583,22.83031975,2.137815667,18.09860083,1.848080667,16.25051917,0.366945833,0.3669445,0,8.0503075,8.05030825,0,8.579641667,8.5796425,0,,242,249.6813583,228.3031975,21.37815667,180.9860083,18.48080667,162.5051917,3.669458333,3.669445,0,80.503075,80.5030825,0,85.79641667,85.796425,0
243,24.943855,22.83484633,2.109009917,18.13434667,1.897036917,16.23730942,0.688676667,0.688675083,0,8.1351875,8.135187,0,8.735456667,8.735457,0,,243,249.43855,228.3484633,21.09009917,181.3434667,18.97036917,162.3730942,6.886766667,6.886750833,0,81.351875,81.35187,0,87.35456667,87.35457,0
244,24.917875,22.83720692,2.0806685,18.15724583,1.942686583,16.21455875,1.090280833,1.090279417,0,8.234071667,8.234073583,0,8.944445833,8.944447083,0,,244,249.17875,228.3720692,20.806685,181.5724583,19.42686583,162.1455875,10.90280833,10.90279417,0,82.34071667,82.34073583,0,89.44445833,89.44447083,0
245,24.92533667,22.87251783,2.052819333,18.184275,1.996350083,16.18792458,1.492775,1.492774833,0,8.356844167,8.35684375,0,9.1789425,9.178943333,0,,245,249.2533667,228.7251783,20.52819333,181.84275,19.96350083,161.8792458,14.92775,14.92774833,0,83.56844167,83.5684375,0,91.789425,91.78943333,0
246,24.923295,22.897953,2.025342167,18.2041375,2.04860025,16.1555385,1.813169167,1.813169,0,8.474935833,8.474936417,0,9.388104167,9.38810425,0,,246,249.23295,228.97953,20.25342167,182.041375,20.4860025,161.555385,18.13169167,18.13169,0,84.74935833,84.74936417,0,93.88104167,93.8810425,0
247,24.98321,22.985021,1.998186917,18.2245525,2.10565475,16.11889733,1.912894167,1.9128915,0,8.578998333,8.579000167,0,9.5450025,9.545001583,0,,247,249.8321,229.85021,19.98186917,182.245525,21.0565475,161.1889733,19.12894167,19.128915,0,85.78998333,85.79000167,0,95.450025,95.45001583,0
248,24.97793083,23.00654442,1.971386333,18.22895333,2.154951167,16.07400217,2.07164,2.071640667,0,8.688748333,8.688748,0,9.722805,9.72280475,0,,248,249.7793083,230.0654442,19.71386333,182.2895333,21.54951167,160.7400217,20.7164,20.71640667,0,86.88748333,86.88748,0,97.22805,97.2280475,0
249,24.95811,23.01327842,1.94483125,18.23851833,2.21164425,16.02687483,2.3940675,2.394066917,0,8.810680833,8.8106795,0,9.887186667,9.8871865,0,,249,249.5811,230.1327842,19.4483125,182.3851833,22.1164425,160.2687483,23.940675,23.94066917,0,88.10680833,88.106795,0,98.87186667,98.871865,0
250,25.00463417,23.08615433,1.918480333,18.240545,2.265356917,15.97518908,2.695014167,2.695015,0,0.172631667,0.172630417,0,10.08835917,10.08835925,0,,250,250.0463417,230.8615433,19.18480333,182.40545,22.65356917,159.7518908,26.95014167,26.95015,0,1.726316667,1.726304167,0,100.8835917,100.8835925,0
251,25.02875833,23.13621917,1.892539,18.2419025,2.322085167,15.919818,2.80957,2.80956925,0,0.2684025,0.268403,0,10.34692,10.34691983,0,,251,250.2875833,231.3621917,18.92539,182.419025,23.22085167,159.19818,28.0957,28.0956925,0,2.684025,2.68403,0,103.4692,103.4691983,0
252,25.0736,23.20656217,1.867039333,18.22607333,2.369010083,15.8570625,2.689024167,2.689023167,0,0.5464,0.5463995,0,10.57577667,10.57577658,0,,252,250.736,232.0656217,18.67039333,182.2607333,23.69010083,158.570625,26.89024167,26.89023167,0,5.464,5.463995,0,105.7577667,105.7577658,0
253,25.07179333,23.22997017,1.841822917,18.21697,2.423882,15.79308817,2.916024167,2.916022833,0,0.923098333,0.923098917,0,10.7697175,10.76971558,0,,253,250.7179333,232.2997017,18.41822917,182.1697,24.23882,157.9308817,29.16024167,29.16022833,0,9.230983333,9.230989167,0,107.697175,107.6971558,0
254,24.96640167,23.1506725,1.815729833,18.20187083,2.475655583,15.72621608,3.225425833,3.22542625,0,1.274945833,1.274946417,0,11.00145,11.00144975,0,,254,249.6640167,231.506725,18.15729833,182.0187083,24.75655583,157.2621608,32.25425833,32.2542625,0,12.74945833,12.74946417,0,110.0145,110.0144975,0
255,24.9178475,23.12905042,1.788797,18.18690167,2.529035417,15.65786717,3.427803333,3.427802917,0,1.539696667,1.539696583,0,11.07128833,11.07128875,0,,255,249.178475,231.2905042,17.88797,181.8690167,25.29035417,156.5786717,34.27803333,34.27802917,0,15.39696667,15.39696583,0,110.7128833,110.7128875,0
256,24.94675167,23.18459517,1.7621555,18.15614083,2.571355,15.58478483,3.6122225,3.612222083,0,1.77917,1.77917125,0,11.12237833,11.12237842,0,,256,249.4675167,231.8459517,17.621555,181.5614083,25.71355,155.8478483,36.122225,36.12222083,0,17.7917,17.7917125,0,111.2237833,111.2237842,0
257,24.96418833,23.22820725,1.735981833,18.13288833,2.619672,15.51321558,3.8012075,3.80120825,0,1.909354167,1.9093535,0,11.30546083,11.30546258,0,,257,249.6418833,232.2820725,17.35981833,181.3288833,26.19672,155.1321558,38.012075,38.0120825,0,19.09354167,19.093535,0,113.0546083,113.0546258,0
258,25.03006417,23.3195665,1.7104985,18.10595083,2.663399833,15.4425505,3.950803333,3.950802917,0,2.106338333,2.10633775,0,11.465095,11.46509592,0,,258,250.3006417,233.195665,17.104985,181.0595083,26.63399833,154.425505,39.50803333,39.50802917,0,21.06338333,21.0633775,0,114.65095,114.6509592,0
259,25.07487333,23.38936425,1.685509167,18.08046917,2.70788025,15.3725885,3.743235833,3.743235917,0,2.261100833,2.261100167,0,11.66965583,11.66965608,0,,259,250.7487333,233.8936425,16.85509167,180.8046917,27.0788025,153.725885,37.43235833,37.43235917,0,22.61100833,22.61100167,0,116.6965583,116.6965608,0
260,25.08914,23.42825917,1.66088125,18.03975667,2.73965475,15.30010325,0.084623333,0.084623167,0,2.557600833,2.55760075,0,11.72386583,11.72386583,0,,260,250.8914,234.2825917,16.6088125,180.3975667,27.3965475,153.0010325,0.846233333,0.846231667,0,25.57600833,25.5760075,0,117.2386583,117.2386583,0
261,25.0773175,23.44075242,1.636565417,18.0078325,2.776199833,15.23163342,0.1567775,0.156776667,0,2.772669167,2.772670333,0,11.74712333,11.74712358,0,,261,250.773175,234.4075242,16.36565417,180.078325,27.76199833,152.3163342,1.567775,1.567766667,0,27.72669167,27.72670333,0,117.4712333,117.4712358,0
262,25.04000167,23.42742767,1.612572667,17.973635,2.808176,15.16545858,0.338654167,0.338654333,0,2.984815,2.984815667,0,11.912695,11.91269525,0,,262,250.4000167,234.2742767,16.12572667,179.73635,28.08176,151.6545858,3.386541667,3.386543333,0,29.84815,29.84815667,0,119.12695,119.1269525,0
263,25.01885417,23.42982233,1.58903175,17.941675,2.839524917,15.10215017,0.6452425,0.645243083,0,3.280448333,3.280448,0,11.97165917,11.97166,0,,263,250.1885417,234.2982233,15.8903175,179.41675,28.39524917,151.0215017,6.452425,6.452430833,0,32.80448333,32.80448,0,119.7165917,119.7166,0
264,25.03734917,23.471283,1.566065583,17.89690833,2.858369417,15.03853817,1.041364167,1.041364,0,3.6129025,3.612902,0,12.0667675,12.0667665,0,,264,250.3734917,234.71283,15.66065583,178.9690833,28.58369417,150.3853817,10.41364167,10.41364,0,36.129025,36.12902,0,120.667675,120.667665,0
265,25.11214583,23.56865275,1.543492667,17.85437083,2.875588083,14.97878283,1.4441875,1.444187417,0,3.944555833,3.944556417,0,12.1174275,12.11742775,0,,265,251.1214583,235.6865275,15.43492667,178.5437083,28.75588083,149.7878283,14.441875,14.44187417,0,39.44555833,39.44556417,0,121.174275,121.1742775,0
266,25.15860417,23.63736317,1.521242833,17.80067667,2.882414,14.918263,1.771398333,1.771398167,0,4.32076,4.320759583,0,12.03320333,12.03320358,0,,266,251.5860417,236.3736317,15.21242833,178.0067667,28.82414,149.18263,17.71398333,17.71398167,0,43.2076,43.20759583,0,120.3320333,120.3320358,0
267,25.15817083,23.65886683,1.4993065,17.76388,2.895645583,14.86823433,1.884824167,1.884824583,0,4.632526667,4.632526917,0,12.05686917,12.05686925,0,,267,251.5817083,236.5886683,14.993065,177.6388,28.95645583,148.6823433,18.84824167,18.84824583,0,46.32526667,46.32526917,0,120.5686917,120.5686925,0
268,25.18092417,23.703239,1.47768375,17.73539333,2.906275333,14.829117,2.094023333,2.094023917,0,4.862159167,4.862158917,0,12.147205,12.14720517,0,,268,251.8092417,237.03239,14.7768375,177.3539333,29.06275333,148.29117,20.94023333,20.94023917,0,48.62159167,48.62158917,0,121.47205,121.4720517,0
269,25.22238083,23.76601717,1.456363583,17.7105775,2.913633333,14.79694408,2.425253333,2.425253667,0,5.038348333,5.0383475,0,12.34604167,12.34604267,0,,269,252.2238083,237.6601717,14.56363583,177.105775,29.13633333,147.9694408,24.25253333,24.25253667,0,50.38348333,50.383475,0,123.4604167,123.4604267,0
270,25.27914083,23.84369392,1.435447417,17.67718333,2.910241333,14.76694317,2.623535833,2.623534667,0,5.2075425,5.207542833,0,12.48650833,12.486508,0,,270,252.7914083,238.4369392,14.35447417,176.7718333,29.10241333,147.6694317,26.23535833,26.23534667,0,52.075425,52.07542833,0,124.8650833,124.86508,0
271,25.34799083,23.93301017,1.414979667,17.64717583,2.903005917,14.74417058,2.726676667,2.72667625,0,5.405831667,5.405830667,0,12.5393775,12.539379,0,,271,253.4799083,239.3301017,14.14979667,176.4717583,29.03005917,147.4417058,27.26676667,27.2667625,0,54.05831667,54.05830667,0,125.393775,125.39379,0
272,25.458735,24.06391292,1.394821583,17.60873417,2.8859865,14.72274758,2.885554167,2.885554667,0,5.577819167,5.577818417,0,12.682,12.68200033,0,,272,254.58735,240.6391292,13.94821583,176.0873417,28.859865,147.2274758,28.85554167,28.85554667,0,55.77819167,55.77818417,0,126.82,126.8200033,0
273,25.55790667,24.18295258,1.374951917,17.58881583,2.8725845,14.71623133,3.0751775,3.075176417,0,5.715194167,5.715193833,0,12.86006417,12.86006625,0,,273,255.5790667,241.8295258,13.74951917,175.8881583,28.725845,147.1623133,30.751775,30.75176417,0,57.15194167,57.15193833,0,128.6006417,128.6006625,0
274,25.64858167,24.29322233,1.35535875,17.583335,2.858477833,14.7248565,3.246339167,3.246339333,0,5.8146475,5.814648667,0,13.03382917,13.03383025,0,,274,256.4858167,242.9322233,13.5535875,175.83335,28.58477833,147.248565,32.46339167,32.46339333,0,58.146475,58.14648667,0,130.3382917,130.3383025,0
275,25.73741583,24.40137592,1.336040083,17.581945,2.837838917,14.74410542,3.444958333,3.444958833,0,5.913720833,5.913722333,0,13.06369083,13.06369108,0,,275,257.3741583,244.0137592,13.36040083,175.81945,28.37838917,147.4410542,34.44958333,34.44958833,0,59.13720833,59.13722333,0,130.6369083,130.6369108,0
276,25.80301333,24.48599117,1.3170225,17.57507333,2.79981875,14.77525433,3.61143,3.611431083,0,6.0153175,6.015318333,0,13.16041083,13.16041108,0,,276,258.0301333,244.8599117,13.170225,175.7507333,27.9981875,147.7525433,36.1143,36.11431083,0,60.153175,60.15318333,0,131.6041083,131.6041108,0
277,25.84744667,24.54908125,1.298366583,17.57086667,2.744459417,14.82640642,3.750095833,3.75009475,0,6.117788333,6.117788667,0,13.25690667,13.25690717,0,,277,258.4744667,245.4908125,12.98366583,175.7086667,27.44459417,148.2640642,37.50095833,37.5009475,0,61.17788333,61.17788667,0,132.5690667,132.5690717,0
278,25.8691575,24.58912008,1.280037667,17.56075583,2.678373083,14.88238317,3.865995,3.865994167,0,6.228480833,6.228480833,0,13.27577917,13.27577867,0,,278,258.691575,245.8912008,12.80037667,175.6075583,26.78373083,148.8238317,38.65995,38.65994167,0,62.28480833,62.28480833,0,132.7577917,132.7577867,0
279,25.8955475,24.63358033,1.261967167,17.546945,2.602108,14.94483708,3.649830833,3.649830833,0,6.345548333,6.345547917,0,13.43212917,13.432129,0,,279,258.955475,246.3358033,12.61967167,175.46945,26.02108,149.4483708,36.49830833,36.49830833,0,63.45548333,63.45547917,0,134.3212917,134.32129,0
280,25.9375725,24.69342592,1.2441475,17.5177675,2.516808167,15.0009595,0.086441667,0.086441583,0,6.501881667,6.50188025,0,13.53230083,13.53230083,0,,280,259.375725,246.9342592,12.441475,175.177675,25.16808167,150.009595,0.864416667,0.864415833,0,65.01881667,65.0188025,0,135.3230083,135.3230083,0
281,25.96254417,24.73597117,1.22657275,17.47132667,2.423800583,15.04752683,0.161355833,0.16135575,0,6.633551667,6.633551083,0,13.5820925,13.58209092,0,,281,259.6254417,247.3597117,12.2657275,174.7132667,24.23800583,150.4752683,1.613558333,1.6135575,0,66.33551667,66.33551083,0,135.820925,135.8209092,0
282,25.96925583,24.76001692,1.209239333,17.3997475,2.328282667,15.07146508,0.346801667,0.346801667,0,6.863970833,6.863970583,0,13.66786667,13.66786717,0,,282,259.6925583,247.6001692,12.09239333,173.997475,23.28282667,150.7146508,3.468016667,3.468016667,0,68.63970833,68.63970583,0,136.6786667,136.6786717,0
283,25.95401083,24.76186975,1.192141,17.3248175,2.223267333,15.10154892,0.657506667,0.657507417,0,7.067760833,7.067761167,0,13.84045,13.84044825,0,,283,259.5401083,247.6186975,11.92141,173.248175,22.23267333,151.0154892,6.575066667,6.575074167,0,70.67760833,70.67761167,0,138.4045,138.4044825,0
284,25.92993083,24.75462675,1.17530325,17.25878,2.097139333,15.16164142,1.055010833,1.05501225,0,7.218565833,7.218564167,0,13.85144917,13.85144817,0,,284,259.2993083,247.5462675,11.7530325,172.5878,20.97139333,151.6164142,10.55010833,10.5501225,0,72.18565833,72.18564167,0,138.5144917,138.5144817,0
285,25.91538333,24.75659692,1.158786667,17.17141333,1.928120333,15.24329183,1.462909167,1.462909417,0,7.3479,7.347902333,0,13.77718667,13.77718725,0,,285,259.1538333,247.5659692,11.58786667,171.7141333,19.28120333,152.4329183,14.62909167,14.62909417,0,73.479,73.47902333,0,137.7718667,137.7718725,0
286,25.93005833,24.787534,1.14252425,16.97967167,1.742668,15.23700358,1.7997025,1.7997035,0,7.4603275,7.460329167,0,13.88004083,13.88004158,0,,286,259.3005833,247.87534,11.4252425,169.7967167,17.42668,152.3700358,17.997025,17.997035,0,74.603275,74.60329167,0,138.8004083,138.8004158,0
287,25.93658167,24.81009875,1.126482917,16.73928917,1.60842075,15.13087042,1.926491667,1.926491,0,7.5696125,7.56961275,0,14.02371167,14.02371225,0,,287,259.3658167,248.1009875,11.26482917,167.3928917,16.0842075,151.3087042,19.26491667,19.26491,0,75.696125,75.6961275,0,140.2371167,140.2371225,0
288,25.92991917,24.81925208,1.110666833,16.56187417,1.54046525,15.021408,2.145745,2.145745083,0,7.673430833,7.673429917,0,14.02775667,14.02775825,0,,288,259.2991917,248.1925208,11.10666833,165.6187417,15.4046525,150.21408,21.45745,21.45745083,0,76.73430833,76.73429917,0,140.2775667,140.2775825,0
289,25.91709,24.82202533,1.095066,16.4242875,1.500678917,14.92360992,2.484899167,2.48489975,0,7.777693333,7.7776925,0,13.97014333,13.97014292,0,,289,259.1709,248.2202533,10.95066,164.242875,15.00678917,149.2360992,24.84899167,24.8489975,0,77.77693333,77.776925,0,139.7014333,139.7014292,0
290,25.70185917,24.62217125,1.07968625,16.27007333,1.480022583,14.79005067,2.70488,2.704880167,0,7.886834167,7.886835167,0,14.03831583,14.03831525,0,,290,257.0185917,246.2217125,10.7968625,162.7007333,14.80022583,147.9005067,27.0488,27.04880167,0,78.86834167,78.86835167,0,140.3831583,140.3831525,0
291,25.652275,24.58774525,1.064529833,16.21098167,1.4694915,14.74149033,2.820295833,2.820296167,0,7.990795,7.9907955,0,14.15781333,14.15781275,0,,291,256.52275,245.8774525,10.64529833,162.1098167,14.694915,147.4149033,28.20295833,28.20296167,0,79.90795,79.907955,0,141.5781333,141.5781275,0
292,25.6699425,24.62031492,1.049629167,16.21311083,1.463293167,14.74981708,2.937718333,2.937717833,0,8.088815,8.088813333,0,14.24237083,14.24237183,0,,292,256.699425,246.2031492,10.49629167,162.1311083,14.63293167,147.4981708,29.37718333,29.37717833,0,80.88815,80.88813333,0,142.4237083,142.4237183,0
293,25.67432333,24.63934933,1.0349745,16.26619417,1.46324325,14.80295108,3.118379167,3.11837925,0,8.1767875,8.176786667,0,14.34842917,14.34842892,0,,293,256.7432333,246.3934933,10.349745,162.6619417,14.6324325,148.0295108,31.18379167,31.1837925,0,81.767875,81.76786667,0,143.4842917,143.4842892,0
294,25.71279,24.692274,1.020516167,16.35306083,1.465727333,14.8873335,3.266836667,3.26683525,0,8.277033333,8.277033,0,14.47594083,14.47594033,0,,294,257.1279,246.92274,10.20516167,163.5306083,14.65727333,148.873335,32.66836667,32.6683525,0,82.77033333,82.77033,0,144.7594083,144.7594033,0
295,25.74855417,24.742303,1.006251167,16.45548333,1.471034583,14.98444867,3.428859167,3.428859833,0,8.394554167,8.394555833,0,14.60083,14.60083025,0,,295,257.4855417,247.42303,10.06251167,164.5548333,14.71034583,149.8444867,34.28859167,34.28859833,0,83.94554167,83.94555833,0,146.0083,146.0083025,0
296,25.78418583,24.79199375,0.992191167,16.55521833,1.475718833,15.07950092,3.622515833,3.622515583,0,8.5052925,8.50529325,0,14.7344775,14.73447892,0,,296,257.8418583,247.9199375,9.921911667,165.5521833,14.75718833,150.7950092,36.22515833,36.22515583,0,85.052925,85.0529325,0,147.344775,147.3447892,0
297,25.83126417,24.85294133,0.978321667,16.65945167,1.4829695,15.17648283,3.791255,3.791256,0,8.611545833,8.611545667,0,14.83475833,14.83475908,0,,297,258.3126417,248.5294133,9.783216667,166.5945167,14.829695,151.7648283,37.91255,37.91256,0,86.11545833,86.11545667,0,148.3475833,148.3475908,0
298,25.83335083,24.86870425,0.964646417,16.75955167,1.49043175,15.26911817,3.927223333,3.927222667,0,8.7173025,8.71730275,0,14.95856583,14.958568,0,,298,258.3335083,248.6870425,9.646464167,167.5955167,14.9043175,152.6911817,39.27223333,39.27222667,0,87.173025,87.1730275,0,149.5856583,149.58568,0
299,25.86161167,24.910421,0.95119125,16.85777667,1.497645417,15.36013142,3.733228333,3.733228,0,8.842825,8.842824917,0,15.11932167,15.11932117,0,,299,258.6161167,249.10421,9.5119125,168.5777667,14.97645417,153.6013142,37.33228333,37.33228,0,88.42825,88.42824917,0,151.1932167,151.1932117,0
300,25.640065,24.701326,0.9387355,16.9347,1.5148515,15.4198485,0.078115,0.078115,0,0.15554,0.15554,0,0.275725,0.2757295,0,,300,256.40065,247.01326,9.387355,169.347,15.148515,154.198485,0.78115,0.78115,0,1.5554,1.5554,0,2.75725,2.757295,0
