time,Exc,Pre,_20,_50,_100,,Excf,Pref,_20f,_50f,_100f,,sExcf,sPref,s_20f,s_50f,s_100f
0,0.443134,0.44593,0.443134,0.443134,0.443134,,4.43134,4.4593,4.43134,4.43134,4.43134,,4.43134,4.4593,4.43134,4.43134,4.43134
1,0.447946,0.42549,0.447946,0.447946,0.447946,,4.47946,4.2549,4.47946,4.47946,4.47946,,8.9108,8.7142,8.9108,8.9108,8.9108
2,0.451499,-0.468679,0.451499,0.451499,0.451499,,4.51499,-4.68679,4.51499,4.51499,4.51499,,13.42579,4.02741,13.42579,13.42579,13.42579
3,0.4391,0.431143,0.4391,0.4391,0.4391,,4.391,4.31143,4.391,4.391,4.391,,17.81679,8.33884,17.81679,17.81679,17.81679
4,0.440287,-0.414537,0.440287,0.440287,0.440287,,4.40287,-4.14537,4.40287,4.40287,4.40287,,22.21966,4.19347,22.21966,22.21966,22.21966
5,0.434269,0.462733,0.434269,0.434269,0.434269,,4.34269,4.62733,4.34269,4.34269,4.34269,,26.56235,8.8208,26.56235,26.56235,26.56235
6,0.424217,-0.348185,0.424217,0.424217,0.424217,,4.24217,-3.48185,4.24217,4.24217,4.24217,,30.80452,5.33895,30.80452,30.80452,30.80452
7,0.416164,0.450001,0.416164,0.416164,0.416164,,4.16164,4.50001,4.16164,4.16164,4.16164,,34.96616,9.83896,34.96616,34.96616,34.96616
8,0.442203,-0.310399,0.442203,0.442203,0.442203,,4.42203,-3.10399,4.42203,4.42203,4.42203,,39.38819,6.73497,39.38819,39.38819,39.38819
9,0.428111,0.452434,0.428111,0.428111,0.428111,,4.28111,4.52434,4.28111,4.28111,4.28111,,43.6693,11.25931,43.6693,43.6693,43.6693
10,0.400906,-0.264742,0.400906,0.400906,0.400906,,4.00906,-2.64742,4.00906,4.00906,4.00906,,47.67836,8.61189,47.67836,47.67836,47.67836
11,0.373176,0.461597,0.373176,0.373176,0.373176,,3.73176,4.61597,3.73176,3.73176,3.73176,,51.41012,13.22786,51.41012,51.41012,51.41012
12,0.352215,-0.216015,0.352215,0.352215,0.352215,,3.52215,-2.16015,3.52215,3.52215,3.52215,,54.93227,11.06771,54.93227,54.93227,54.93227
13,0.389043,0.524984,0.389043,0.389043,0.389043,,3.89043,5.24984,3.89043,3.89043,3.89043,,58.8227,16.31755,58.8227,58.8227,58.8227
14,0.373945,-0.133076,0.373945,0.373945,0.373945,,3.73945,-1.33076,3.73945,3.73945,3.73945,,62.56215,14.98679,62.56215,62.56215,62.56215
15,0.364814,0.522379,0.364814,0.364814,0.364814,,3.64814,5.22379,3.64814,3.64814,3.64814,,66.21029,20.21058,66.21029,66.21029,66.21029
16,0.34264,-0.100115,0.34264,0.34264,0.34264,,3.4264,-1.00115,3.4264,3.4264,3.4264,,69.63669,19.20943,69.63669,69.63669,69.63669
17,0.323297,0.524565,0.323297,0.323297,0.323297,,3.23297,5.24565,3.23297,3.23297,3.23297,,72.86966,24.45508,72.86966,72.86966,72.86966
18,0.304054,-0.065415,0.304054,0.304054,0.304054,,3.04054,-0.65415,3.04054,3.04054,3.04054,,75.9102,23.80093,75.9102,75.9102,75.9102
19,0.328802,0.5288,0.328802,0.328802,0.328802,,3.28802,5.288,3.28802,3.28802,3.28802,,79.19822,29.08893,79.19822,79.19822,79.19822
20,0.30329,-0.028511,0.30329,0.30329,0.30329,,3.0329,-0.28511,3.0329,3.0329,3.0329,,82.23112,28.80382,82.23112,82.23112,82.23112
21,0.285636,0.532913,-3.314487,0.285636,0.285636,,2.85636,5.32913,-33.14487,2.85636,2.85636,,85.08748,34.13295,49.08625,85.08748,85.08748
22,0.268188,0.002238,-1.64644,0.268188,0.268188,,2.68188,0.02238,-16.4644,2.68188,2.68188,,87.76936,34.15533,32.62185,87.76936,87.76936
23,0.257395,0.540178,-0.627264,0.257395,0.257395,,2.57395,5.40178,-6.27264,2.57395,2.57395,,90.34331,39.55711,26.34921,90.34331,90.34331
24,0.251645,0.035309,-0.113336,0.251645,0.251645,,2.51645,0.35309,-1.13336,2.51645,2.51645,,92.85976,39.9102,25.21585,92.85976,92.85976
25,0.2743,0.536957,0.105445,0.2743,0.2743,,2.743,5.36957,1.05445,2.743,2.743,,95.60276,45.27977,26.2703,95.60276,95.60276
26,0.266448,0.056545,0.236861,0.266448,0.266448,,2.66448,0.56545,2.36861,2.66448,2.66448,,98.26724,45.84522,28.63891,98.26724,98.26724
27,0.243977,0.535693,0.23188,0.243977,0.243977,,2.43977,5.35693,2.3188,2.43977,2.43977,,100.70701,51.20215,30.95771,100.70701,100.70701
28,0.23683,0.071234,0.343352,0.23683,0.23683,,2.3683,0.71234,3.43352,2.3683,2.3683,,103.07531,51.91449,34.39123,103.07531,103.07531
29,0.22366,0.541013,0.342451,0.22366,0.22366,,2.2366,5.41013,3.42451,2.2366,2.2366,,105.31191,57.32462,37.81574,105.31191,105.31191
30,0.254264,0.083391,0.414797,0.254264,0.254264,,2.54264,0.83391,4.14797,2.54264,2.54264,,107.85455,58.15853,41.96371,107.85455,107.85455
31,0.250807,0.541218,0.407455,0.250807,0.250807,,2.50807,5.41218,4.07455,2.50807,2.50807,,110.36262,63.57071,46.03826,110.36262,110.36262
32,0.234414,0.097571,0.365974,0.234414,0.234414,,2.34414,0.97571,3.65974,2.34414,2.34414,,112.70676,64.54642,49.698,112.70676,112.70676
33,0.217532,0.551559,0.302078,0.217532,0.217532,,2.17532,5.51559,3.02078,2.17532,2.17532,,114.88208,70.06201,52.71878,114.88208,114.88208
34,0.204346,0.101751,0.408361,0.204346,0.204346,,2.04346,1.01751,4.08361,2.04346,2.04346,,116.92554,71.07952,56.80239,116.92554,116.92554
35,0.202577,0.549006,0.394278,0.202577,0.202577,,2.02577,5.49006,3.94278,2.02577,2.02577,,118.95131,76.56958,60.74517,118.95131,118.95131
36,0.222555,0.114407,0.38018,0.222555,0.222555,,2.22555,1.14407,3.8018,2.22555,2.22555,,121.17686,77.71365,64.54697,121.17686,121.17686
37,0.245537,0.567926,0.398288,0.245537,0.245537,,2.45537,5.67926,3.98288,2.45537,2.45537,,123.63223,83.39291,68.52985,123.63223,123.63223
38,0.249028,0.111499,0.384904,0.249028,0.249028,,2.49028,1.11499,3.84904,2.49028,2.49028,,126.12251,84.5079,72.37889,126.12251,126.12251
39,0.247567,0.558317,0.362136,0.247567,0.247567,,2.47567,5.58317,3.62136,2.47567,2.47567,,128.59818,90.09107,76.00025,128.59818,128.59818
40,0.244413,0.125389,0.350514,0.244413,0.244413,,2.44413,1.25389,3.50514,2.44413,2.44413,,131.04231,91.34496,79.50539,131.04231,131.04231
41,0.229312,0.574558,-1.009135,0.229312,0.229312,,2.29312,5.74558,-10.09135,2.29312,2.29312,,133.33543,97.09054,69.41404,133.33543,133.33543
42,0.230224,0.114017,-0.444659,0.230224,0.230224,,2.30224,1.14017,-4.44659,2.30224,2.30224,,135.63767,98.23071,64.96745,135.63767,135.63767
43,0.215608,0.559722,-0.105156,0.215608,0.215608,,2.15608,5.59722,-1.05156,2.15608,2.15608,,137.79375,103.82793,63.91589,137.79375,137.79375
44,0.199227,0.124663,0.232317,0.199227,0.199227,,1.99227,1.24663,2.32317,1.99227,1.99227,,139.78602,105.07456,66.23906,139.78602,139.78602
45,0.188384,0.577528,0.415279,0.188384,0.188384,,1.88384,5.77528,4.15279,1.88384,1.88384,,141.66986,110.84984,70.39185,141.66986,141.66986
46,0.237688,0.113074,0.451052,0.237688,0.237688,,2.37688,1.13074,4.51052,2.37688,2.37688,,144.04674,111.98058,74.90237,144.04674,144.04674
47,0.23104,0.559913,0.410568,0.23104,0.23104,,2.3104,5.59913,4.10568,2.3104,2.3104,,146.35714,117.57971,79.00805,146.35714,146.35714
48,0.224446,0.095023,0.364419,0.224446,0.224446,,2.24446,0.95023,3.64419,2.24446,2.24446,,148.6016,118.52994,82.65224,148.6016,148.6016
49,0.212522,0.544295,0.49811,0.212522,0.212522,,2.12522,5.44295,4.9811,2.12522,2.12522,,150.72682,123.97289,87.63334,150.72682,150.72682
50,0.204907,0.142405,0.478451,0.204907,0.204907,,2.04907,1.42405,4.78451,2.04907,2.04907,,152.77589,125.39694,92.41785,152.77589,152.77589
51,0.191385,0.580905,0.43604,-3.699852,0.191385,,1.91385,5.80905,4.3604,-36.99852,1.91385,,154.68974,131.20599,96.77825,115.77737,154.68974
52,0.226557,0.116808,0.417507,-1.740454,0.226557,,2.26557,1.16808,4.17507,-17.40454,2.26557,,156.95531,132.37407,100.95332,98.37283,156.95531
53,0.210964,0.56218,0.422237,-0.754215,0.210964,,2.10964,5.6218,4.22237,-7.54215,2.10964,,159.06495,137.99587,105.17569,90.83068,159.06495
54,0.191629,0.096567,0.408766,-0.370708,0.191629,,1.91629,0.96567,4.08766,-3.70708,1.91629,,160.98124,138.96154,109.26335,87.1236,160.98124
55,0.177991,0.538044,0.433914,-0.145008,0.177991,,1.77991,5.38044,4.33914,-1.45008,1.77991,,162.76115,144.34198,113.60249,85.67352,162.76115
56,0.168978,0.127126,0.415837,0.083435,0.168978,,1.68978,1.27126,4.15837,0.83435,1.68978,,164.45093,145.61324,117.76086,86.50787,164.45093
57,0.211394,0.572479,0.397582,0.141464,0.211394,,2.11394,5.72479,3.97582,1.41464,2.11394,,166.56487,151.33803,121.73668,87.92251,166.56487
58,0.204481,0.110543,0.383338,0.265752,0.204481,,2.04481,1.10543,3.83338,2.65752,2.04481,,168.60968,152.44346,125.57006,90.58003,168.60968
59,0.192557,0.551406,0.360946,0.267469,0.192557,,1.92557,5.51406,3.60946,2.67469,1.92557,,170.53525,157.95752,129.17952,93.25472,170.53525
60,0.177769,0.091376,0.350464,0.25057,0.177769,,1.77769,0.91376,3.50464,2.5057,1.77769,,172.31294,158.87128,132.68416,95.76042,172.31294
61,0.158852,0.53393,-0.975807,0.386412,0.158852,,1.58852,5.3393,-9.75807,3.86412,1.58852,,173.90146,164.21058,122.92609,99.62454,173.90146
62,0.200897,0.135155,-0.418548,0.303682,0.200897,,2.00897,1.35155,-4.18548,3.03682,2.00897,,175.91043,165.56213,118.74061,102.66136,175.91043
63,0.191067,0.577386,-0.082929,0.396155,0.191067,,1.91067,5.77386,-0.82929,3.96155,1.91067,,177.8211,171.33599,117.91132,106.62291,177.8211
64,0.183343,0.124003,0.246582,0.399322,0.183343,,1.83343,1.24003,2.46582,3.99322,1.83343,,179.65453,172.57602,120.37714,110.61613,179.65453
65,0.175719,0.561809,0.422135,0.382311,0.175719,,1.75719,5.61809,4.22135,3.82311,1.75719,,181.41172,178.19411,124.59849,114.43924,181.41172
66,0.176921,0.109566,0.463875,0.385433,0.176921,,1.76921,1.09566,4.63875,3.85433,1.76921,,183.18093,179.28977,129.23724,118.29357,183.18093
67,0.166187,0.541706,0.427167,0.37864,0.166187,,1.66187,5.41706,4.27167,3.7864,1.66187,,184.8428,184.70683,133.50891,122.07997,184.8428
68,0.197927,0.162265,0.385973,0.360352,0.197927,,1.97927,1.62265,3.85973,3.60352,1.97927,,186.82207,186.32948,137.36864,125.68349,186.82207
69,0.200538,0.592525,0.531929,0.430177,0.200538,,2.00538,5.92525,5.31929,4.30177,2.00538,,188.82745,192.25473,142.68793,129.98526,188.82745
70,0.196148,0.153147,0.485189,0.422572,0.196148,,1.96148,1.53147,4.85189,4.22572,1.96148,,190.78893,193.7862,147.53982,134.21098,190.78893
71,0.205988,0.57055,0.451085,0.449459,0.205988,,2.05988,5.7055,4.51085,4.49459,2.05988,,192.84881,199.4917,152.05067,138.70557,192.84881
72,0.205788,0.130005,0.426459,0.391235,0.205788,,2.05788,1.30005,4.26459,3.91235,2.05788,,194.90669,200.79175,156.31526,142.61792,194.90669
73,0.219076,0.53457,0.401384,0.427676,0.219076,,2.19076,5.3457,4.01384,4.27676,2.19076,,197.09745,206.13745,160.3291,146.89468,197.09745
74,0.231438,0.103056,0.403053,0.426768,0.231438,,2.31438,1.03056,4.03053,4.26768,2.31438,,199.41183,207.16801,164.35963,151.16236,199.41183
75,0.214761,0.490739,0.404011,0.419134,0.214761,,2.14761,4.90739,4.04011,4.19134,2.14761,,201.55944,212.0754,168.39974,155.3537,201.55944
76,0.230294,0.069614,0.416516,0.405495,0.230294,,2.30294,0.69614,4.16516,4.05495,2.30294,,203.86238,212.77154,172.5649,159.40865,203.86238
77,0.228846,0.441027,0.393635,0.400234,0.228846,,2.28846,4.41027,3.93635,4.00234,2.28846,,206.15084,217.18181,176.50125,163.41099,206.15084
78,0.219764,0.025618,0.379046,0.391267,0.219764,,2.19764,0.25618,3.79046,3.91267,2.19764,,208.34848,217.43799,180.29171,167.32366,208.34848
79,0.141322,0.393758,0.366657,0.383847,0.141322,,1.41322,3.93758,3.66657,3.83847,1.41322,,209.7617,221.37557,183.95828,171.16213,209.7617
80,0.213604,0.027681,0.360077,0.361707,0.213604,,2.13604,0.27681,3.60077,3.61707,2.13604,,211.89774,221.65238,187.55905,174.7792,211.89774
81,0.213973,0.395856,-0.972702,0.360886,0.213973,,2.13973,3.95856,-9.72702,3.60886,2.13973,,214.03747,225.61094,177.83203,178.38806,214.03747
82,0.221275,0.037998,-0.413781,0.349395,0.221275,,2.21275,0.37998,-4.13781,3.49395,2.21275,,216.25022,225.99092,173.69422,181.88201,216.25022
83,0.157165,0.393642,-0.07577,0.340882,0.157165,,1.57165,3.93642,-0.7577,3.40882,1.57165,,217.82187,229.92734,172.93652,185.29083,217.82187
84,0.141565,0.045603,0.253437,0.333648,0.141565,,1.41565,0.45603,2.53437,3.33648,1.41565,,219.23752,230.38337,175.47089,188.62731,219.23752
85,0.152453,0.391308,0.424841,0.335481,0.152453,,1.52453,3.91308,4.24841,3.35481,1.52453,,220.76205,234.29645,179.7193,191.98212,220.76205
86,0.148548,0.041788,0.461814,0.331717,0.148548,,1.48548,0.41788,4.61814,3.31717,1.48548,,222.24753,234.71433,184.33744,195.29929,222.24753
87,0.141442,0.389442,0.425638,0.322062,0.141442,,1.41442,3.89442,4.25638,3.22062,1.41442,,223.66195,238.60875,188.59382,198.51991,223.66195
88,0.136683,0.044922,0.384745,0.305514,0.136683,,1.36683,0.44922,3.84745,3.05514,1.36683,,225.02878,239.05797,192.44127,201.57505,225.02878
89,0.098402,0.392013,0.532963,0.287397,0.098402,,0.98402,3.92013,5.32963,2.87397,0.98402,,226.0128,242.9781,197.7709,204.44902,226.0128
90,0.132425,0.042712,0.485348,0.30125,0.132425,,1.32425,0.42712,4.85348,3.0125,1.32425,,227.33705,243.40522,202.62438,207.46152,227.33705
91,0.194819,0.38834,0.452682,0.290085,0.194819,,1.94819,3.8834,4.52682,2.90085,1.94819,,229.28524,247.28862,207.1512,210.36237,229.28524
92,0.114107,0.041504,0.426839,0.272426,0.114107,,1.14107,0.41504,4.26839,2.72426,1.14107,,230.42631,247.70366,211.41959,213.08663,230.42631
93,0.144368,0.391986,0.400554,0.25094,0.144368,,1.44368,3.91986,4.00554,2.5094,1.44368,,231.86999,251.62352,215.42513,215.59603,231.86999
94,0.163676,0.040062,0.403263,0.274725,0.163676,,1.63676,0.40062,4.03263,2.74725,1.63676,,233.50675,252.02414,219.45776,218.34328,233.50675
95,0.090508,0.393462,0.403966,0.264198,0.090508,,0.90508,3.93462,4.03966,2.64198,0.90508,,234.41183,255.95876,223.49742,220.98526,234.41183
96,0.138052,0.042459,0.416647,0.248078,0.138052,,1.38052,0.42459,4.16647,2.48078,1.38052,,235.79235,256.38335,227.66389,223.46604,235.79235
97,0.06305,0.410747,0.393501,0.230566,0.06305,,0.6305,4.10747,3.93501,2.30566,0.6305,,236.42285,260.49082,231.5989,225.7717,236.42285
98,0.065441,0.051133,0.385099,0.219711,0.065441,,0.65441,0.51133,3.85099,2.19711,0.65441,,237.07726,261.00215,235.44989,227.96881,237.07726
99,0.1399,0.419078,0.369637,0.260362,0.1399,,1.399,4.19078,3.69637,2.60362,1.399,,238.47626,265.19293,239.14626,230.57243,238.47626
100,0.075321,0.06104,0.358672,0.24409,0.075321,,0.75321,0.6104,3.58672,2.4409,0.75321,,239.22947,265.80333,242.73298,233.01333,239.22947
101,0.059718,0.438901,-0.972827,-1.588719,-4.654023,,0.59718,4.38901,-9.72827,-15.88719,-46.54023,,239.82665,270.19234,233.00471,217.12614,192.68924
102,0.10282,0.0863,-0.410579,-0.708629,-2.248665,,1.0282,0.863,-4.10579,-7.08629,-22.48665,,240.85485,271.05534,228.89892,210.03985,170.20259
103,0.061247,0.47318,-0.071597,-0.189221,-1.047003,,0.61247,4.7318,-0.71597,-1.89221,-10.47003,,241.46732,275.78714,228.18295,208.14764,159.73256
104,0.04767,0.092714,0.255157,0.055306,-0.492382,,0.4767,0.92714,2.55157,0.55306,-4.92382,,241.94402,276.71428,230.73452,208.7007,154.80874
105,0.067675,0.484915,0.418919,0.114217,-0.212809,,0.67675,4.84915,4.18919,1.14217,-2.12809,,242.62077,281.56343,234.92371,209.84287,152.68065
106,0.085513,0.093797,0.460975,0.164451,-0.038423,,0.85513,0.93797,4.60975,1.64451,-0.38423,,243.4759,282.5014,239.53346,211.48738,152.29642
107,0.066104,0.524917,0.424298,0.177313,0.094049,,0.66104,5.24917,4.24298,1.77313,0.94049,,244.13694,287.75057,243.77644,213.26051,153.23691
108,0.097635,0.128018,0.384198,0.227743,0.204494,,0.97635,1.28018,3.84198,2.27743,2.04494,,245.11329,289.03075,247.61842,215.53794,155.28185
109,0.060803,0.527671,0.51124,0.234475,0.301263,,0.60803,5.27671,5.1124,2.34475,3.01263,,245.72132,294.30746,252.73082,217.88269,158.29448
110,0.056913,0.111371,0.491542,0.394844,0.349552,,0.56913,1.11371,4.91542,3.94844,3.49552,,246.29045,295.42117,257.64624,221.83113,161.79
111,0.045594,0.515261,0.456149,0.393294,0.376017,,0.45594,5.15261,4.56149,3.93294,3.76017,,246.74639,300.57378,262.20773,225.76407,165.55017
112,0.037614,0.136159,0.430124,0.369117,0.539438,,0.37614,1.36159,4.30124,3.69117,5.39438,,247.12253,301.93537,266.50897,229.45524,170.94455
113,0.076457,0.545465,0.40128,0.39717,0.541785,,0.76457,5.45465,4.0128,3.9717,5.41785,,247.8871,307.39002,270.52177,233.42694,176.3624
114,0.068659,0.112504,0.399134,0.497788,0.503157,,0.68659,1.12504,3.99134,4.97788,5.03157,,248.57369,308.51506,274.51311,238.40482,181.39397
115,0.071839,0.521356,0.400659,0.489764,0.440899,,0.71839,5.21356,4.00659,4.89764,4.40899,,249.29208,313.72862,278.5197,243.30246,185.80296
116,0.05308,0.081391,0.417078,0.467108,0.403514,,0.5308,0.81391,4.17078,4.67108,4.03514,,249.82288,314.54253,282.69048,247.97354,189.8381
117,0.04698,0.480473,0.397344,0.437511,0.39975,,0.4698,4.80473,3.97344,4.37511,3.9975,,250.29268,319.34726,286.66392,252.34865,193.8356
118,0.051738,0.033011,0.384768,0.417084,0.430799,,0.51738,0.33011,3.84768,4.17084,4.30799,,250.81006,319.67737,290.5116,256.51949,198.14359
119,0.066194,0.433552,0.370405,0.400341,0.416742,,0.66194,4.33552,3.70405,4.00341,4.16742,,251.472,324.01289,294.21565,260.5229,202.31101
120,0.056426,-0.010905,0.361096,0.387254,0.447078,,0.56426,-0.10905,3.61096,3.87254,4.47078,,252.03626,323.90384,297.82661,264.39544,206.78179
121,0.070882,0.394248,-0.978461,0.401566,0.390623,,0.70882,3.94248,-9.78461,4.01566,3.90623,,252.74508,327.84632,288.042,268.4111,210.68802
122,0.059968,-0.047839,-0.418891,0.391192,0.37141,,0.59968,-0.47839,-4.18891,3.91192,3.7141,,253.34476,327.36793,283.85309,272.32302,214.40212
123,0.045353,0.350815,-0.082384,0.369408,0.359062,,0.45353,3.50815,-0.82384,3.69408,3.59062,,253.79829,330.87608,283.02925,276.0171,217.99274
124,0.034518,-0.060062,0.242695,0.35094,0.349601,,0.34518,-0.60062,2.42695,3.5094,3.49601,,254.14347,330.27546,285.4562,279.5265,221.48875
125,0.022677,0.344705,0.399415,0.337966,0.360899,,0.22677,3.44705,3.99415,3.37966,3.60899,,254.37024,333.72251,289.45035,282.90616,225.09774
126,0.021222,-0.054499,0.434671,0.330977,0.350745,,0.21222,-0.54499,4.34671,3.30977,3.50745,,254.58246,333.17752,293.79706,286.21593,228.60519
127,0.030954,0.302866,0.393088,0.324058,0.342798,,0.30954,3.02866,3.93088,3.24058,3.42798,,254.892,336.20618,297.72794,289.45651,232.03317
128,0.055372,-0.094942,0.347298,0.325358,0.322134,,0.55372,-0.94942,3.47298,3.25358,3.22134,,255.44572,335.25676,301.20092,292.71009,235.25451
129,0.042139,0.265313,0.42475,0.323991,0.308568,,0.42139,2.65313,4.2475,3.23991,3.08568,,255.86711,337.90989,305.44842,295.95,238.34019
130,0.04581,-0.1133,0.537515,0.316789,0.301231,,0.4581,-1.133,5.37515,3.16789,3.01231,,256.32521,336.77689,310.82357,299.11789,241.3525
131,0.026208,0.252806,0.486889,0.309159,0.295289,,0.26208,2.52806,4.86889,3.09159,2.95289,,256.58729,339.30495,315.69246,302.20948,244.30539
132,0.011594,-0.128731,0.43528,0.286522,0.297895,,0.11594,-1.28731,4.3528,2.86522,2.97895,,256.70323,338.01764,320.04526,305.0747,247.28434
133,0.057416,0.253681,0.361173,0.313244,0.300372,,0.57416,2.53681,3.61173,3.13244,3.00372,,257.27739,340.55445,323.65699,308.20714,250.28806
134,0.041581,-0.103657,0.459921,0.299832,0.292359,,0.41581,-1.03657,4.59921,2.99832,2.92359,,257.6932,339.51788,328.2562,311.20546,253.21165
135,0.023698,0.299882,0.436013,0.292337,0.287039,,0.23698,2.99882,4.36013,2.92337,2.87039,,257.93018,342.5167,332.61633,314.12883,256.08204
136,0.046446,-0.073466,0.405898,0.290214,0.278023,,0.46446,-0.73466,4.05898,2.90214,2.78023,,258.39464,341.78204,336.67531,317.03097,258.86227
137,0.029166,0.325778,0.420091,0.288067,0.250207,,0.29166,3.25778,4.20091,2.88067,2.50207,,258.6863,345.03982,340.87622,319.91164,261.36434
138,0.019118,-0.057517,0.403975,0.284287,0.283295,,0.19118,-0.57517,4.03975,2.84287,2.83295,,258.87748,344.46465,344.91597,322.75451,264.19729
139,-0.013403,0.37034,0.38233,0.274875,0.275579,,-0.13403,3.7034,3.8233,2.74875,2.75579,,258.74345,348.16805,348.73927,325.50326,266.95308
140,-0.014859,-0.027763,0.366915,0.284822,0.272049,,-0.14859,-0.27763,3.66915,2.84822,2.72049,,258.59486,347.89042,352.40842,328.35148,269.67357
141,-0.022925,0.399355,-0.98146,0.279161,0.276178,,-0.22925,3.99355,-9.8146,2.79161,2.76178,,258.36561,351.88397,342.59382,331.14309,272.43535
142,0.02671,-0.020494,-0.424362,0.266596,0.277636,,0.2671,-0.20494,-4.24362,2.66596,2.77636,,258.63271,351.67903,338.3502,333.80905,275.21171
143,0.020025,0.413303,-0.091412,0.251498,0.276358,,0.20025,4.13303,-0.91412,2.51498,2.76358,,258.83296,355.81206,337.43608,336.32403,277.97529
144,-0.004077,-0.023617,0.242073,0.233644,0.266975,,-0.04077,-0.23617,2.42073,2.33644,2.66975,,258.79219,355.57589,339.85681,338.66047,280.64504
145,-0.013503,0.451505,0.426303,0.261823,0.25362,,-0.13503,4.51505,4.26303,2.61823,2.5362,,258.65716,360.09094,344.11984,341.2787,283.18124
146,-0.017242,0.001142,0.469703,0.258629,0.271173,,-0.17242,0.01142,4.69703,2.58629,2.71173,,258.48474,360.10236,348.81687,343.86499,285.89297
147,-0.010584,0.452635,0.422996,0.239236,0.261096,,-0.10584,4.52635,4.22996,2.39236,2.61096,,258.3789,364.62871,353.04683,346.25735,288.50393
148,-0.006641,-0.015309,0.376277,0.22345,0.245112,,-0.06641,-0.15309,3.76277,2.2345,2.45112,,258.31249,364.47562,356.8096,348.49185,290.95505
149,0.001311,0.443208,0.50593,0.250587,0.229831,,0.01311,4.43208,5.0593,2.50587,2.29831,,258.3256,368.9077,361.8689,350.99772,293.25336
150,-0.006194,0.005101,0.484283,0.241833,0.217766,,-0.06194,0.05101,4.84283,2.41833,2.17766,,258.26366,368.95871,366.71173,353.41605,295.43102
151,0.026525,0.473823,0.44161,-1.545985,0.242128,,0.26525,4.73823,4.4161,-15.45985,2.42128,,258.52891,373.69694,371.12783,337.9562,297.8523
152,0.015075,-0.015096,0.421654,-0.677934,0.231546,,0.15075,-0.15096,4.21654,-6.77934,2.31546,,258.67966,373.54598,375.34437,331.17686,300.16776
153,0.006252,0.460017,0.426604,-0.171794,0.221363,,0.06252,4.60017,4.26604,-1.71794,2.21363,,258.74218,378.14615,379.61041,329.45892,302.38139
154,0.018012,0.006338,0.412807,0.062739,0.210267,,0.18012,0.06338,4.12807,0.62739,2.10267,,258.9223,378.20953,383.73848,330.08631,304.48406
155,0.054566,0.490336,0.436372,0.121784,0.231207,,0.54566,4.90336,4.36372,1.21784,2.31207,,259.46796,383.11289,388.1022,331.30415,306.79613
156,0.044677,-0.010615,0.419683,0.169113,0.224448,,0.44677,-0.10615,4.19683,1.69113,2.24448,,259.91473,383.00674,392.29903,332.99528,309.04061
157,0.032378,0.474936,0.39975,0.188037,0.214726,,0.32378,4.74936,3.9975,1.88037,2.14726,,260.23851,387.7561,396.29653,334.87565,311.18787
158,0.033692,0.020057,0.385032,0.227055,0.199729,,0.33692,0.20057,3.85032,2.27055,1.99729,,260.57543,387.95667,400.14685,337.1462,313.18516
159,0.028739,0.506598,0.362763,0.274209,0.192995,,0.28739,5.06598,3.62763,2.74209,1.92995,,260.86282,393.02265,403.77448,339.88829,315.11511
160,0.041711,0.004174,0.353435,0.339928,0.18933,,0.41711,0.04174,3.53435,3.39928,1.8933,,261.27993,393.06439,407.30883,343.28757,317.00841
161,0.034267,0.488523,-0.975013,0.375236,0.223138,,0.34267,4.88523,-9.75013,3.75236,2.23138,,261.6226,397.94962,397.5587,347.03993,319.23979
162,0.039368,0.03205,-0.416503,0.380488,0.221469,,0.39368,0.3205,-4.16503,3.80488,2.21469,,262.01628,398.27012,393.39367,350.84481,321.45448
163,0.056184,0.528284,-0.079464,0.372023,0.20729,,0.56184,5.28284,-0.79464,3.72023,2.0729,,262.57812,403.55296,392.59903,354.56504,323.52738
164,0.077885,0.023267,0.251279,0.454169,0.197854,,0.77885,0.23267,2.51279,4.54169,1.97854,,263.35697,403.78563,395.11182,359.10673,325.50592
165,0.056825,0.509773,0.429337,0.453549,0.194203,,0.56825,5.09773,4.29337,4.53549,1.94203,,263.92522,408.88336,399.40519,363.64222,327.44795
166,0.052412,0.005088,0.468223,0.483166,0.140651,,0.52412,0.05088,4.68223,4.83166,1.40651,,264.44934,408.93424,404.08742,368.47388,328.85446
167,0.049193,0.474041,0.433302,0.471635,0.15489,,0.49193,4.74041,4.33302,4.71635,1.5489,,264.94127,413.67465,408.42044,373.19023,330.40336
168,0.053979,-0.018661,0.393574,0.453572,0.144807,,0.53979,-0.18661,3.93574,4.53572,1.44807,,265.48106,413.48804,412.35618,377.72595,331.85143
169,0.055375,0.442244,0.508395,0.436577,0.138903,,0.55375,4.42244,5.08395,4.36577,1.38903,,266.03481,417.91048,417.44013,382.09172,333.24046
170,0.063264,-0.0237,0.490551,0.413284,0.130016,,0.63264,-0.237,4.90551,4.13284,1.30016,,266.66745,417.67348,422.34564,386.22456,334.54062
171,0.087178,0.418353,0.445323,0.428325,0.150369,,0.87178,4.18353,4.45323,4.28325,1.50369,,267.53923,421.85701,426.79887,390.50781,336.04431
172,0.070196,-0.040882,0.413899,0.414245,0.199045,,0.70196,-0.40882,4.13899,4.14245,1.99045,,268.24119,421.44819,430.93786,394.65026,338.03476
173,0.073222,0.354202,0.404753,0.399997,0.158573,,0.73222,3.54202,4.04753,3.99997,1.58573,,268.97341,424.99021,434.98539,398.65023,339.62049
174,0.06257,-0.015117,0.409765,0.376076,0.159847,,0.6257,-0.15117,4.09765,3.76076,1.59847,,269.59911,424.83904,439.08304,402.41099,341.21896
175,0.06758,0.288905,0.394262,0.357799,0.204064,,0.6758,2.88905,3.94262,3.57799,2.04064,,270.27491,427.72809,443.02566,405.98898,343.2596
176,0.067351,-0.112029,0.39036,0.346776,0.240027,,0.67351,-1.12029,3.9036,3.46776,2.40027,,270.94842,426.6078,446.92926,409.45674,345.65987
177,0.069331,0.270878,0.391488,0.337458,0.180656,,0.69331,2.70878,3.91488,3.37458,1.80656,,271.64173,429.31658,450.84414,412.83132,347.46643
178,0.081788,-0.13351,0.41455,0.338809,0.168964,,0.81788,-1.3351,4.1455,3.38809,1.68964,,272.45961,427.98148,454.98964,416.21941,349.15607
179,0.064965,0.254288,0.400198,0.334893,0.165826,,0.64965,2.54288,4.00198,3.34893,1.65826,,273.10926,430.52436,458.99162,419.56834,350.81433
180,0.087168,-0.138053,0.378374,0.332287,0.193585,,0.87168,-1.38053,3.78374,3.32287,1.93585,,273.98094,429.14383,462.77536,422.89121,352.75018
181,0.068893,0.271043,-0.972477,0.327612,0.192872,,0.68893,2.71043,-9.72477,3.27612,1.92872,,274.66987,431.85426,453.05059,426.16733,354.6789
182,0.071476,-0.107208,-0.40053,0.295784,0.185372,,0.71476,-1.07208,-4.0053,2.95784,1.85372,,275.38463,430.78218,449.04529,429.12517,356.53262
183,0.087107,0.274411,-0.058626,0.322066,0.184289,,0.87107,2.74411,-0.58626,3.22066,1.84289,,276.2557,433.52629,448.45903,432.34583,358.37551
184,0.054517,-0.094114,0.272587,0.30746,0.205951,,0.54517,-0.94114,2.72587,3.0746,2.05951,,276.80087,432.58515,451.1849,435.42043,360.43502
185,0.069945,0.300998,0.426837,0.29899,0.155575,,0.69945,3.00998,4.26837,2.9899,1.55575,,277.50032,435.59513,455.45327,438.41033,361.99077
186,0.010449,-0.064943,0.458085,0.295081,0.194054,,0.10449,-0.64943,4.58085,2.95081,1.94054,,277.60481,434.9457,460.03412,441.36114,363.93131
187,0.028619,0.342473,0.410899,0.291306,0.186874,,0.28619,3.42473,4.10899,2.91306,1.86874,,277.891,438.37043,464.14311,444.2742,365.80005
188,0.08671,-0.046017,0.356151,0.287153,0.204718,,0.8671,-0.46017,3.56151,2.87153,2.04718,,278.7581,437.91026,467.70462,447.14573,367.84723
189,0.055207,0.360889,0.428609,0.278053,0.157022,,0.55207,3.60889,4.28609,2.78053,1.57022,,279.31017,441.51915,471.99071,449.92626,369.41745
190,0.067267,-0.038163,0.530968,0.287939,0.163885,,0.67267,-0.38163,5.30968,2.87939,1.63885,,279.98284,441.13752,477.30039,452.80565,371.0563
191,0.053987,0.402178,0.480533,0.281567,0.155123,,0.53987,4.02178,4.80533,2.81567,1.55123,,280.52271,445.1593,482.10572,455.62132,372.60753
192,0.037412,-0.016229,0.43169,0.267044,0.167727,,0.37412,-0.16229,4.3169,2.67044,1.67727,,280.89683,444.99701,486.42262,458.29176,374.2848
193,0.041324,0.411036,0.353699,0.250164,0.218913,,0.41324,4.11036,3.53699,2.50164,2.18913,,281.31007,449.10737,489.95961,460.7934,376.47393
194,0.011934,-0.017257,0.453051,0.269927,0.174738,,0.11934,-0.17257,4.53051,2.69927,1.74738,,281.42941,448.9348,494.49012,463.49267,378.22131
195,0.092712,0.414335,0.431675,0.262572,0.153535,,0.92712,4.14335,4.31675,2.62572,1.53535,,282.35653,453.07815,498.80687,466.11839,379.75666
196,0.041204,0.003343,0.403714,0.241538,0.150286,,0.41204,0.03343,4.03714,2.41538,1.50286,,282.76857,453.11158,502.84401,468.53377,381.25952
197,0.039394,0.447888,0.422436,0.225516,0.142164,,0.39394,4.47888,4.22436,2.25516,1.42164,,283.16251,457.59046,507.06837,470.78893,382.68116
198,0.014588,-0.008733,0.402377,0.252666,0.182733,,0.14588,-0.08733,4.02377,2.52666,1.82733,,283.30839,457.50313,511.09214,473.31559,384.50849
199,0.013265,0.442234,0.382307,0.242579,0.15134,,0.13265,4.42234,3.82307,2.42579,1.5134,,283.44104,461.92547,514.91521,475.74138,386.02189
200,0.057051,0.017987,0.36762,0.226416,0.150245,,0.57051,0.17987,3.6762,2.26416,1.50245,,284.01155,462.10534,518.59141,478.00554,387.52434
201,0.051981,0.472393,-0.985855,-1.579118,-1.887519,,0.51981,4.72393,-9.85855,-15.79118,-18.87519,,284.53136,466.82927,508.73286,462.21436,368.64915
202,0.024827,0.002733,-0.424667,-0.704661,-0.697357,,0.24827,0.02733,-4.24667,-7.04661,-6.97357,,284.77963,466.8566,504.48619,455.16775,361.67558
203,0.047197,0.467157,-0.086838,-0.198277,-0.383671,,0.47197,4.67157,-0.86838,-1.98277,-3.83671,,285.2516,471.52817,503.61781,453.18498,357.83887
204,0.022687,0.022529,0.244351,0.042648,-0.198346,,0.22687,0.22529,2.44351,0.42648,-1.98346,,285.47847,471.75346,506.06132,453.61146,355.85541
205,0.036698,0.497096,0.422996,0.105466,-0.032876,,0.36698,4.97096,4.22996,1.05466,-0.32876,,285.84545,476.72442,510.29128,454.66612,355.52665
206,0.013249,0.006684,0.463754,0.163399,0.033166,,0.13249,0.06684,4.63754,1.63399,0.33166,,285.97794,476.79126,514.92882,456.30011,355.85831
207,0.049864,0.48207,0.418134,0.177012,0.100527,,0.49864,4.8207,4.18134,1.77012,1.00527,,286.47658,481.61196,519.11016,458.07023,356.86358
208,0.072435,-0.008782,0.372009,0.218085,0.203933,,0.72435,-0.08782,3.72009,2.18085,2.03933,,287.20093,481.52414,522.83025,460.25108,358.90291
209,0.06033,0.470308,0.503021,0.269948,0.261714,,0.6033,4.70308,5.03021,2.69948,2.61714,,287.80423,486.22722,527.86046,462.95056,361.52005
210,0.051772,0.03622,0.482317,0.336909,0.296362,,0.51772,0.3622,4.82317,3.36909,2.96362,,288.32195,486.58942,532.68363,466.31965,364.48367
211,0.051526,0.520048,0.439078,0.377536,0.353603,,0.51526,5.20048,4.39078,3.77536,3.53603,,288.83721,491.7899,537.07441,470.09501,368.0197
212,0.051844,0.02133,0.419504,0.382398,0.384242,,0.51844,0.2133,4.19504,3.82398,3.84242,,289.35565,492.0032,541.26945,473.91899,371.86212
213,0.057965,0.510251,0.424835,0.357388,0.372356,,0.57965,5.10251,4.24835,3.57388,3.72356,,289.9353,497.10571,545.5178,477.49287,375.58568
214,0.084439,0.013203,0.410998,0.454358,0.390779,,0.84439,0.13203,4.10998,4.54358,3.90779,,290.77969,497.23774,549.62778,482.03645,379.49347
215,0.061533,0.494512,0.435069,0.452801,0.467011,,0.61533,4.94512,4.35069,4.52801,4.67011,,291.39502,502.18286,553.97847,486.56446,384.16358
216,0.064491,0.068652,0.418277,0.482958,0.459648,,0.64491,0.68652,4.18277,4.82958,4.59648,,292.03993,502.86938,558.16124,491.39404,388.76006
217,0.092347,0.547807,0.398957,0.48347,0.433971,,0.92347,5.47807,3.98957,4.8347,4.33971,,292.9634,508.34745,562.15081,496.22874,393.09977
218,0.074547,0.059095,0.384354,0.456316,0.417059,,0.74547,0.59095,3.84354,4.56316,4.17059,,293.70887,508.9384,565.99435,500.7919,397.27036
219,0.072245,0.526355,0.361307,0.438529,0.406502,,0.72245,5.26355,3.61307,4.38529,4.06502,,294.43132,514.20195,569.60742,505.17719,401.33538
220,0.076351,0.038204,0.351801,0.416212,0.430722,,0.76351,0.38204,3.51801,4.16212,4.30722,,295.19483,514.58399,573.12543,509.33931,405.6426
221,0.09352,0.490065,-0.975312,0.429707,0.420311,,0.9352,4.90065,-9.75312,4.29707,4.20311,,296.13003,519.48464,563.37231,513.63638,409.84571
222,0.0592,-0.002772,-0.416307,0.415308,0.402707,,0.592,-0.02772,-4.16307,4.15308,4.02707,,296.72203,519.45692,559.20924,517.78946,413.87278
223,0.097222,0.439139,-0.080237,0.401477,0.379155,,0.97222,4.39139,-0.80237,4.01477,3.79155,,297.69425,523.84831,558.40687,521.80423,417.66433
224,0.112831,-0.007362,0.251219,0.378764,0.300894,,1.12831,-0.07362,2.51219,3.78764,3.00894,,298.82256,523.77469,560.91906,525.59187,420.67327
225,0.087466,0.422117,0.42922,0.359246,0.301323,,0.87466,4.22117,4.2922,3.59246,3.01323,,299.69722,527.99586,565.21126,529.18433,423.6865
226,0.079937,-0.024691,0.467721,0.347683,0.35162,,0.79937,-0.24691,4.67721,3.47683,3.5162,,300.49659,527.74895,569.88847,532.66116,427.2027
227,0.075015,0.369675,0.432138,0.339127,0.32942,,0.75015,3.69675,4.32138,3.39127,3.2942,,301.24674,531.4457,574.20985,536.05243,430.4969
228,0.071662,-0.075254,0.393065,0.340266,0.272811,,0.71662,-0.75254,3.93065,3.40266,2.72811,,301.96336,530.69316,578.1405,539.45509,433.22501
229,0.024728,0.307164,0.50747,0.337707,0.298507,,0.24728,3.07164,5.0747,3.37707,2.98507,,302.21064,533.7648,583.2152,542.83216,436.21008
230,0.057333,-0.086005,0.490168,0.327107,0.34429,,0.57333,-0.86005,4.90168,3.27107,3.4429,,302.78397,532.90475,588.11688,546.10323,439.65298
231,0.044071,0.312313,0.445353,0.326325,0.356479,,0.44071,3.12313,4.45353,3.26325,3.56479,,303.22468,536.02788,592.57041,549.36648,443.21777
232,0.063403,-0.071582,0.412679,0.296273,0.355854,,0.63403,-0.71582,4.12679,2.96273,3.55854,,303.85871,535.31206,596.6972,552.32921,446.77631
233,0.010163,0.331866,0.404444,0.32141,0.347947,,0.10163,3.31866,4.04444,3.2141,3.47947,,303.96034,538.63072,600.74164,555.54331,450.25578
234,0.018663,-0.02259,0.409898,0.307754,0.365628,,0.18663,-0.2259,4.09898,3.07754,3.65628,,304.14697,538.40482,604.84062,558.62085,453.91206
235,0.071975,0.360832,0.400128,0.299273,0.359642,,0.71975,3.60832,4.00128,2.99273,3.59642,,304.86672,542.01314,608.8419,561.61358,457.50848
236,0.03554,-0.034369,0.390483,0.29604,0.34228,,0.3554,-0.34369,3.90483,2.9604,3.4228,,305.22212,541.66945,612.74673,564.57398,460.93128
237,0.041907,0.381565,0.391922,0.291893,0.322747,,0.41907,3.81565,3.91922,2.91893,3.22747,,305.64119,545.4851,616.66595,567.49291,464.15875
238,0.018456,-0.015672,0.409997,0.287951,0.315014,,0.18456,-0.15672,4.09997,2.87951,3.15014,,305.82575,545.32838,620.76592,570.37242,467.30889
239,0.00382,0.411381,0.39922,0.278442,0.30903,,0.0382,4.11381,3.9922,2.78442,3.0903,,305.86395,549.44219,624.75812,573.15684,470.39919
240,0.045427,-0.00897,0.379466,0.289297,0.324391,,0.45427,-0.0897,3.79466,2.89297,3.24391,,306.31822,549.35249,628.55278,576.04981,473.6431
241,0.030861,0.426655,-0.972886,0.282156,0.317861,,0.30861,4.26655,-9.72886,2.82156,3.17861,,306.62683,553.61904,618.82392,578.87137,476.82171
242,0.037653,-0.008553,-0.400293,0.266918,0.320565,,0.37653,-0.08553,-4.00293,2.66918,3.20565,,307.00336,553.53351,614.82099,581.54055,480.02736
243,0.021442,0.462587,-0.056887,0.25015,0.325228,,0.21442,4.62587,-0.56887,2.5015,3.25228,,307.21778,558.15938,614.25212,584.04205,483.27964
244,0.027114,0.009324,0.273638,0.233343,0.333024,,0.27114,0.09324,2.73638,2.33343,3.33024,,307.48892,558.25262,616.9885,586.37548,486.60988
245,0.018207,0.46254,0.428324,0.263746,0.318005,,0.18207,4.6254,4.28324,2.63746,3.18005,,307.67099,562.87802,621.27174,589.01294,489.78993
246,0.036482,-0.006472,0.459505,0.259462,0.310799,,0.36482,-0.06472,4.59505,2.59462,3.10799,,308.03581,562.8133,625.86679,591.60756,492.89792
247,0.035284,0.454748,0.410811,0.240418,0.307374,,0.35284,4.54748,4.10811,2.40418,3.07374,,308.38865,567.36078,629.9749,594.01174,495.97166
248,0.082865,0.004502,0.358828,0.225426,0.289329,,0.82865,0.04502,3.58828,2.25426,2.89329,,309.2173,567.4058,633.56318,596.266,498.86495
249,0.045005,0.478812,0.43026,0.251099,0.301,,0.45005,4.78812,4.3026,2.51099,3.01,,309.66735,572.19392,637.86578,598.77699,501.87495
250,0.040215,-0.019329,0.528915,0.242118,0.292963,,0.40215,-0.19329,5.28915,2.42118,2.92963,,310.0695,572.00063,643.15493,601.19817,504.80458
251,0.044301,0.463946,0.479984,-1.567732,0.336401,,0.44301,4.63946,4.79984,-15.67732,3.36401,,310.51251,576.64009,647.95477,585.52085,508.16859
252,0.051571,-0.010448,0.431259,-0.69265,0.326313,,0.51571,-0.10448,4.31259,-6.9265,3.26313,,311.02822,576.53561,652.26736,578.59435,511.43172
253,0.064955,0.486192,0.35293,-0.184356,0.318587,,0.64955,4.86192,3.5293,-1.84356,3.18587,,311.67777,581.39753,655.79666,576.75079,514.61759
254,0.06955,-0.032861,0.453886,0.054855,0.309927,,0.6955,-0.32861,4.53886,0.54855,3.09927,,312.37327,581.06892,660.33552,577.29934,517.71686
255,0.051194,0.470293,0.428972,0.117846,0.325971,,0.51194,4.70293,4.28972,1.17846,3.25971,,312.88521,585.77185,664.62524,578.4778,520.97657
256,0.060373,-0.015787,0.402109,0.169295,0.283904,,0.60373,-0.15787,4.02109,1.69295,2.83904,,313.48894,585.61398,668.64633,580.17075,523.81561
257,0.048465,0.492597,0.421355,0.187723,0.290371,,0.48465,4.92597,4.21355,1.87723,2.90371,,313.97359,590.53995,672.85988,582.04798,526.71932
258,0.060728,-0.041601,0.400147,0.225423,0.305352,,0.60728,-0.41601,4.00147,2.25423,3.05352,,314.58087,590.12394,676.86135,584.30221,529.77284
259,0.061496,0.475382,0.382027,0.273052,0.287599,,0.61496,4.75382,3.82027,2.73052,2.87599,,315.19583,594.87776,680.68162,587.03273,532.64883
260,0.063575,-0.063293,0.36792,0.339253,0.298051,,0.63575,-0.63293,3.6792,3.39253,2.98051,,315.83158,594.24483,684.36082,590.42526,535.62934
261,0.079159,0.461417,-0.985701,0.373772,0.256829,,0.79159,4.61417,-9.85701,3.73772,2.56829,,316.62317,598.859,674.50381,594.16298,538.19763
262,0.086777,-0.024231,-0.423716,0.382979,0.251031,,0.86777,-0.24231,-4.23716,3.82979,2.51031,,317.49094,598.61669,670.26665,597.99277,540.70794
263,0.091024,0.505582,-0.088497,0.369611,0.265016,,0.91024,5.05582,-0.88497,3.69611,2.65016,,318.40118,603.67251,669.38168,601.68888,543.3581
264,0.100545,-0.04012,0.249155,0.452743,0.242119,,1.00545,-0.4012,2.49155,4.52743,2.42119,,319.40663,603.27131,671.87323,606.21631,545.77929
265,0.107079,0.489046,0.42153,0.453683,0.264829,,1.07079,4.89046,4.2153,4.53683,2.64829,,320.47742,608.16177,676.08853,610.75314,548.42758
266,0.111723,-0.055646,0.463565,0.482646,0.24821,,1.11723,-0.55646,4.63565,4.82646,2.4821,,321.59465,607.60531,680.72418,615.5796,550.90968
267,0.085644,0.475188,0.418514,0.472608,0.209283,,0.85644,4.75188,4.18514,4.72608,2.09283,,322.45109,612.35719,684.90932,620.30568,553.00251
268,0.081445,-0.006953,0.372965,0.455313,0.201353,,0.81445,-0.06953,3.72965,4.55313,2.01353,,323.26554,612.28766,688.63897,624.85881,555.01604
269,0.082667,0.524005,0.502855,0.439107,0.185748,,0.82667,5.24005,5.02855,4.39107,1.85748,,324.09221,617.52771,693.66752,629.24988,556.87352
270,0.090356,-0.00712,0.481827,0.424555,0.210235,,0.90356,-0.0712,4.81827,4.24555,2.10235,,324.99577,617.45651,698.48579,633.49543,558.97587
271,0.090835,0.510817,0.438836,0.430078,0.19423,,0.90835,5.10817,4.38836,4.30078,1.9423,,325.90412,622.56468,702.87415,637.79621,560.91817
272,0.125868,-0.02352,0.419323,0.414474,0.193471,,1.25868,-0.2352,4.19323,4.14474,1.93471,,327.1628,622.32948,707.06738,641.94095,562.85288
273,0.151847,0.502338,0.423741,0.400465,0.205661,,1.51847,5.02338,4.23741,4.00465,2.05661,,328.68127,627.35286,711.30479,645.9456,564.90949
274,0.12589,-0.024337,0.410309,0.377509,0.229462,,1.2589,-0.24337,4.10309,3.77509,2.29462,,329.94017,627.10949,715.40788,649.72069,567.20411
275,0.164978,0.484163,0.434872,0.357694,0.249148,,1.64978,4.84163,4.34872,3.57694,2.49148,,331.58995,631.95112,719.7566,653.29763,569.69559
276,0.147139,-0.037237,0.418171,0.347022,0.221804,,1.47139,-0.37237,4.18171,3.47022,2.21804,,333.06134,631.57875,723.93831,656.76785,571.91363
277,0.134976,0.459333,0.398885,0.337688,0.23022,,1.34976,4.59333,3.98885,3.37688,2.3022,,334.4111,636.17208,727.92716,660.14473,574.21583
278,0.149832,-0.031956,0.384352,0.339258,0.204499,,1.49832,-0.31956,3.84352,3.39258,2.04499,,335.90942,635.85252,731.77068,663.53731,576.26082
279,0.140151,0.449481,0.36133,0.334585,0.219101,,1.40151,4.49481,3.6133,3.34585,2.19101,,337.31093,640.34733,735.38398,666.88316,578.45183
280,0.178161,-0.015418,0.351761,0.332571,0.231759,,1.78161,-0.15418,3.51761,3.32571,2.31759,,339.09254,640.19315,738.90159,670.20887,580.76942
281,0.169353,0.405423,-0.975358,0.327649,0.20228,,1.69353,4.05423,-9.75358,3.27649,2.0228,,340.78607,644.24738,729.14801,673.48536,582.79222
282,0.154613,-0.061597,-0.416362,0.296249,0.18616,,1.54613,-0.61597,-4.16362,2.96249,1.8616,,342.3322,643.63141,724.98439,676.44785,584.65382
283,0.110496,0.346448,-0.077975,0.322182,0.178555,,1.10496,3.46448,-0.77975,3.22182,1.78555,,343.43716,647.09589,724.20464,679.66967,586.43937
284,0.117846,-0.066993,0.250799,0.305656,0.250915,,1.17846,-0.66993,2.50799,3.05656,2.50915,,344.61562,646.42596,726.71263,682.72623,588.94852
285,0.08072,0.321589,0.423677,0.298965,0.194327,,0.8072,3.21589,4.23677,2.98965,1.94327,,345.42282,649.64185,730.9494,685.71588,590.89179
286,0.139618,-0.07072,0.47298,0.295702,0.169688,,1.39618,-0.7072,4.7298,2.95702,1.69688,,346.819,648.93465,735.6792,688.6729,592.58867
287,0.135086,0.322375,0.432828,0.291046,0.163634,,1.35086,3.22375,4.32828,2.91046,1.63634,,348.16986,652.1584,740.00748,691.58336,594.22501
288,0.090359,-0.06462,0.391782,0.287403,0.177837,,0.90359,-0.6462,3.91782,2.87403,1.77837,,349.07345,651.5122,743.9253,694.45739,596.00338
289,0.100671,0.351399,0.509351,0.27804,0.140455,,1.00671,3.51399,5.09351,2.7804,1.40455,,350.08016,655.02619,749.01881,697.23779,597.40793
290,0.09698,-0.017991,0.490737,0.288549,0.173015,,0.9698,-0.17991,4.90737,2.88549,1.73015,,351.04996,654.84628,753.92618,700.12328,599.13808
291,0.034393,0.398518,0.446707,0.281529,0.155974,,0.34393,3.98518,4.46707,2.81529,1.55974,,351.39389,658.83146,758.39325,702.93857,600.69782
292,0.088854,-0.000813,0.418242,0.267169,0.158577,,0.88854,-0.00813,4.18242,2.67169,1.58577,,352.28243,658.82333,762.57567,705.61026,602.28359
293,0.094811,0.418649,0.405011,0.249836,0.143247,,0.94811,4.18649,4.05011,2.49836,1.43247,,353.23054,663.00982,766.62578,708.10862,603.71606
294,0.08013,0.028651,0.408943,0.233891,0.153653,,0.8013,0.28651,4.08943,2.33891,1.53653,,354.03184,663.29633,770.71521,710.44753,605.25259
295,0.076372,0.455689,0.394384,0.263338,0.149401,,0.76372,4.55689,3.94384,2.63338,1.49401,,354.79556,667.85322,774.65905,713.08091,606.7466
296,0.077482,0.032248,0.408367,0.258416,0.171636,,0.77482,0.32248,4.08367,2.58416,1.71636,,355.57038,668.1757,778.74272,715.66507,608.46296
297,0.083775,0.45482,0.400388,0.23929,0.178862,,0.83775,4.5482,4.00388,2.3929,1.78862,,356.40813,672.7239,782.7466,718.05797,610.25158
298,0.096967,0.050843,0.383109,0.224818,0.207139,,0.96967,0.50843,3.83109,2.24818,2.07139,,357.3778,673.23233,786.57769,720.30615,612.32297
299,0.068187,0.480888,0.366756,0.250576,0.190299,,0.68187,4.80888,3.66756,2.50576,1.90299,,358.05967,678.04121,790.24525,722.81191,614.22596
300,0.107582,0.300726,0.361617,0.239988,0.185889,,1.07582,3.00726,3.61617,2.39988,1.85889,,359.13549,681.04847,793.86142,725.21179,616.08485
