<landisMetadata><extension name="Climate-Library" timeInterval="1"><scenario-replication timeMin="0" timeMax="300" rasterOutCellArea="1" /><outputs><output type="Table" name="Spinup-Input-Log" filePath="Climate-spinup-input-log.csv" visualize="False" MetadataFilePath="Metadata\Climate-Library\Spinup-Input-Log_Metadata.xml" /><output type="Table" name="Future-Input-Log" filePath="Climate-future-input-log.csv" visualize="False" MetadataFilePath="Metadata\Climate-Library\Future-Input-Log_Metadata.xml" /><output type="Table" name="Annual-Log" filePath="Climate-annual-log.csv" visualize="False" MetadataFilePath="Metadata\Climate-Library\Annual-Log_Metadata.xml" /></outputs></extension></landisMetadata>
