<landisMetadata><output><extension name="Biomass Harvest" metadataFilePath="Biomass Harvest.xml" /><fields><field name="Time" description="Harvest Year" unit="year" /><field name="ManagementArea" description="Management Area" /><field name="Prescription" description="Prescription Name" /><field name="Stand" description="Stand" /><field name="EventID" description="Event ID" /><field name="StandAge" description="Stand Age" unit="year" /><field name="StandRank" description="Stand Rank" /><field name="NumberOfSites" description="Number of Sites" unit="count" /><field name="HarvestedSites" description="Number of Sites Harvested" unit="count" /><field name="MgBiomassRemoved" description="Biomass Removed (Mg)" unit="Mg ha-1" format="0.00" /><field name="MgBioRemovedPerDamagedHa" description="Biomass Removed (Mg) per damaged hectare" unit="Mg ha-1" format="0.00" /><field name="TotalCohortsPartialHarvest" description="Number of Cohorts Partially Harvested" unit="count" /><field name="TotalCohortsCompleteHarvest" description="Number of Cohorts Completely Harvested" unit="count" /><field name="CohortsHarvested_nyssbifl" description="Species Cohorts Harvested by Species" unit="count" /><field name="CohortsHarvested_pinuelli" description="Species Cohorts Harvested by Species" unit="count" /><field name="CohortsHarvested_pinupalu" description="Species Cohorts Harvested by Species" unit="count" /><field name="CohortsHarvested_querfalc" description="Species Cohorts Harvested by Species" unit="count" /><field name="CohortsHarvested_querhemi" description="Species Cohorts Harvested by Species" unit="count" /><field name="CohortsHarvested_querinca" description="Species Cohorts Harvested by Species" unit="count" /><field name="CohortsHarvested_querlaev" description="Species Cohorts Harvested by Species" unit="count" /><field name="CohortsHarvested_quermarg" description="Species Cohorts Harvested by Species" unit="count" /><field name="CohortsHarvested_quernigr" description="Species Cohorts Harvested by Species" unit="count" /><field name="CohortsHarvested_querstel" description="Species Cohorts Harvested by Species" unit="count" /><field name="CohortsHarvested_quervirg" description="Species Cohorts Harvested by Species" unit="count" /><field name="CohortsHarvested_taxoasce" description="Species Cohorts Harvested by Species" unit="count" /><field name="BiomassHarvestedMg_nyssbifl" description="Biomass Harvested by Species (Mg)" unit="" /><field name="BiomassHarvestedMg_pinuelli" description="Biomass Harvested by Species (Mg)" unit="" /><field name="BiomassHarvestedMg_pinupalu" description="Biomass Harvested by Species (Mg)" unit="" /><field name="BiomassHarvestedMg_querfalc" description="Biomass Harvested by Species (Mg)" unit="" /><field name="BiomassHarvestedMg_querhemi" description="Biomass Harvested by Species (Mg)" unit="" /><field name="BiomassHarvestedMg_querinca" description="Biomass Harvested by Species (Mg)" unit="" /><field name="BiomassHarvestedMg_querlaev" description="Biomass Harvested by Species (Mg)" unit="" /><field name="BiomassHarvestedMg_quermarg" description="Biomass Harvested by Species (Mg)" unit="" /><field name="BiomassHarvestedMg_quernigr" description="Biomass Harvested by Species (Mg)" unit="" /><field name="BiomassHarvestedMg_querstel" description="Biomass Harvested by Species (Mg)" unit="" /><field name="BiomassHarvestedMg_quervirg" description="Biomass Harvested by Species (Mg)" unit="" /><field name="BiomassHarvestedMg_taxoasce" description="Biomass Harvested by Species (Mg)" unit="" /></fields></output></landisMetadata>
