<landisMetadata><output><extension name="Biomass Harvest" metadataFilePath="Biomass Harvest.xml" /><fields><field name="Time" description="Simulation Year" unit="year" /><field name="ManagementArea" description="Management Area" /><field name="Prescription" description="Prescription Name" /><field name="HarvestedSites" description="Harvested Sites" unit="count" /><field name="TotalCohortsCompleteHarvest" description="Total Cohorts Complete Harvest" unit="count" /><field name="TotalCohortsPartialHarvest" description="Total Cohorts Partial Harvest" unit="count" /><field name="TotalBiomassHarvested" description="Total Biomass Harvested (Mg)" unit="" /><field name="CohortsHarvested_nyssbifl" description="Number of Cohorts Harvested by Species" unit="count" /><field name="CohortsHarvested_pinuelli" description="Number of Cohorts Harvested by Species" unit="count" /><field name="CohortsHarvested_pinupalu" description="Number of Cohorts Harvested by Species" unit="count" /><field name="CohortsHarvested_querfalc" description="Number of Cohorts Harvested by Species" unit="count" /><field name="CohortsHarvested_querhemi" description="Number of Cohorts Harvested by Species" unit="count" /><field name="CohortsHarvested_querinca" description="Number of Cohorts Harvested by Species" unit="count" /><field name="CohortsHarvested_querlaev" description="Number of Cohorts Harvested by Species" unit="count" /><field name="CohortsHarvested_quermarg" description="Number of Cohorts Harvested by Species" unit="count" /><field name="CohortsHarvested_quernigr" description="Number of Cohorts Harvested by Species" unit="count" /><field name="CohortsHarvested_querstel" description="Number of Cohorts Harvested by Species" unit="count" /><field name="CohortsHarvested_quervirg" description="Number of Cohorts Harvested by Species" unit="count" /><field name="CohortsHarvested_taxoasce" description="Number of Cohorts Harvested by Species" unit="count" /><field name="BiomassHarvestedMg_nyssbifl" description="Biomass Harvested by Species (Mg)" unit="" /><field name="BiomassHarvestedMg_pinuelli" description="Biomass Harvested by Species (Mg)" unit="" /><field name="BiomassHarvestedMg_pinupalu" description="Biomass Harvested by Species (Mg)" unit="" /><field name="BiomassHarvestedMg_querfalc" description="Biomass Harvested by Species (Mg)" unit="" /><field name="BiomassHarvestedMg_querhemi" description="Biomass Harvested by Species (Mg)" unit="" /><field name="BiomassHarvestedMg_querinca" description="Biomass Harvested by Species (Mg)" unit="" /><field name="BiomassHarvestedMg_querlaev" description="Biomass Harvested by Species (Mg)" unit="" /><field name="BiomassHarvestedMg_quermarg" description="Biomass Harvested by Species (Mg)" unit="" /><field name="BiomassHarvestedMg_quernigr" description="Biomass Harvested by Species (Mg)" unit="" /><field name="BiomassHarvestedMg_querstel" description="Biomass Harvested by Species (Mg)" unit="" /><field name="BiomassHarvestedMg_quervirg" description="Biomass Harvested by Species (Mg)" unit="" /><field name="BiomassHarvestedMg_taxoasce" description="Biomass Harvested by Species (Mg)" unit="" /></fields></output></landisMetadata>
