<landisMetadata><output><extension name="Climate-Library" metadataFilePath="Climate-Library.xml" /><fields><field name="Year" description="Input Year" unit="year" /><field name="Timestep" description="Input Timestep" /><field name="EcoregionName" description="Ecoregion Name" /><field name="EcoregionIndex" description="Ecoregion Index" /><field name="ppt" description="Precipitation (units variable)" format="0.00" /><field name="min_airtemp" description="Average Minimum Air Temperature (units variable)" format="0.00" /><field name="max_airtemp" description="Average Maximum Air Temperature (units variable)" format="0.00" /><field name="std_ppt" description="Standard Deviation Precipitation (units variable)" format="0.00" /><field name="std_temp" description="Standard Deviation Temperature (units variable)" format="0.00" /><field name="winddirection" description="Average Wind Direction (units variable)" format="0.00" /><field name="windspeed" description="Average Wind Speed (units variable)" format="0.00" /><field name="ndeposition" description="Average Nitrogen Deposition (units variable)" format="0.00" /></fields></output></landisMetadata>
